debug/device-5/device-12900_20260811222343707.log-1117-[INFO] HCCP(23097,hccp_service.bin):2026-08-11-22:23:46.957.769 [rs_socket.c:1411]tid:23112,rs_socket_IP_convert : local IP[::3f:300:10:0:df07:ac01], ret:0, remote IP[::3f:500:10:0:df08:eb01], ret:0
debug/device-5/device-12900_20260811222343707.log-1118-[WARNING] HCCP(23097,hccp_service.bin):2026-08-11-22:23:46.958.003 [rs_drv_socket.c:540]tid:23112,RsGetConnInfo : conn node for IP(::3f:500:10:0:df08:eb01) server_port(60001) tag(AUTOMATIC_SOCKET_TAG_::3f:500:10:0:df08:eb01_::3f:300:10:0:df07:ac01_60001) not found
debug/device-5/device-12900_20260811222343707.log:1119:[INFO] HCCP(23097,hccp_service.bin):2026-08-11-22:23:46.958.019 [rs_socket.c:1472]tid:23112,RsSocketBatchConnect : create conn node for {remote_ip(::3f:500:10:0:df08:eb01), serverPort(60001), tag(AUTOMATIC_SOCKET_TAG_::3f:500:10:0:df08:eb01_::3f:300:10:0:df07:ac01_60001)}!
debug/device-5/device-12900_20260811222343707.log-1120-[DEBUG] HCCP(23097,hccp_service.bin):2026-08-11-22:23:46.958.104 [ra_adp.c:1518]tid:23102,RaGetOpRight : opcode[58], exeRight[1], tokenNum[2048], cfgOpNum[0]
debug/device-5/device-12900_20260811222343707.log-1121-[INFO] HCCP(23097,hccp_service.bin):2026-08-11-22:23:46.958.125 [rs.c:2208]tid:23102,RsGetProductType : [Get][ChipInfo]chip name is 950DT_9582, type:4
--
debug/device-5/device-12900_20260811222343707.log-1137-[DEBUG] HCCP(23097,hccp_service.bin):2026-08-11-22:23:46.958.640 [rs_socket.c:1149]tid:23108,RsConnectBindClient : socket bind: addr[14] 0xac
debug/device-5/device-12900_20260811222343707.log-1138-[DEBUG] HCCP(23097,hccp_service.bin):2026-08-11-22:23:46.958.649 [rs_socket.c:1149]tid:23108,RsConnectBindClient : socket bind: addr[15] 0x01
debug/device-5/device-12900_20260811222343707.log:1139:[INFO] HCCP(23097,hccp_service.bin):2026-08-11-22:23:46.958.673 [rs_socket.c:1167]tid:23108,RsConnectBindClient : client bind success. client family 10 addr ::3f:300:10:0:df07:ac01:39417, fd:54
debug/device-5/device-12900_20260811222343707.log-1140-[INFO] HCCP(23097,hccp_service.bin):2026-08-11-22:23:46.958.694 [rs_drv_socket.c:303]tid:23108,RsDrvConnect : IP(::3f:500:10:0:df08:eb01) port 60001 family 10 fd:54 begin
debug/device-5/device-12900_20260811222343707.log-1141-[INFO] HCCP(23097,hccp_service.bin):2026-08-11-22:23:46.958.887 [rs_ub.c:1462]tid:23102,RsUbCtxJfcCreate : jfc addr:0x3ffec023ca0
--
debug/device-5/device-12900_20260811222343707.log-1150-[INFO] HCCP(23097,hccp_service.bin):2026-08-11-22:23:46.961.504 [rs_drv_socket.c:342]tid:23108,RsDrvConnect : client connect success. client family 10 addr ::3f:300:10:0:df07:ac01:39417, server addr ::3f:500:10:0:df08:eb01:60001, fd:54
debug/device-5/device-12900_20260811222343707.log-1151-[INFO] HCCP(23097,hccp_service.bin):2026-08-11-22:23:46.961.536 [rs_drv_socket.c:852]tid:23108,RsConnCostTime : socket [54] connect success! cost [3.517000] ms
debug/device-5/device-12900_20260811222343707.log:1152:[INFO] HCCP(23097,hccp_service.bin):2026-08-11-22:23:46.961.594 [rs_socket.c:1005]tid:23108,RsSocketTagSync : [client]send tag success! ret:256, tagSyncTimes:1, clientIp:::3f:300:10:0:df07:ac01 serverIp:::3f:500:10:0:df08:eb01 serverPort:60001 tag:AUTOMATIC_SOCKET_TAG_::3f:500:10:0:df08:eb01_::3f:300:10:0:df07:ac01_60001
debug/device-5/device-12900_20260811222343707.log:1153:[INFO] HCCP(23097,hccp_service.bin):2026-08-11-22:23:46.966.751 [rs_socket.c:967]tid:23108,RsSocketClientValidSync : [client]client is valid, ret:6, clientIp:::3f:300:10:0:df07:ac01 serverIp:::3f:500:10:0:df08:eb01 serverPort:60001
debug/device-5/device-12900_20260811222343707.log-1154-[DEBUG] HCCP(23097,hccp_service.bin):2026-08-11-22:23:46.968.407 [ra_adp.c:1515]tid:23112,RaGetOpRight : opcode[6], reqId[1], exeRight[1], tokenNum[2048], cfgOpNum[0]
debug/device-5/device-12900_20260811222343707.log-1155-[DEBUG] HCCP(23097,hccp_service.bin):2026-08-11-22:23:46.970.608 [ra_adp.c:1515]tid:23112,RaGetOpRight : opcode[6], reqId[2], exeRight[1], tokenNum[2048], cfgOpNum[0]
--
debug/plog/plog-12786_20260811222319086.log-75469-[INFO] HCCP(12786,python3):2026-08-11-22:23:46.469.805 [rs_socket.c:594]tid:13041,RsSocketListenBindListen : socket bind: addr[14] 0xeb
debug/plog/plog-12786_20260811222319086.log-75470-[INFO] HCCP(12786,python3):2026-08-11-22:23:46.469.807 [rs_socket.c:594]tid:13041,RsSocketListenBindListen : socket bind: addr[15] 0x01
debug/plog/plog-12786_20260811222319086.log:75471:[INFO] HCCP(12786,python3):2026-08-11-22:23:46.469.817 [rs_socket.c:615]tid:13041,RsSocketListenBindListen : IP ::3f:500:10:0:df08:eb01 : port 60001 begin listen, fd:118 !
debug/plog/plog-12786_20260811222319086.log-75472-[INFO] HCCL(12786,python3):2026-08-11-22:23:46.469.831 [orion_adapter_hccp.cc:349][13041]socket listen start success, ret=0
debug/plog/plog-12786_20260811222319086.log-75473-[INFO] HCCL(12786,python3):2026-08-11-22:23:46.469.838 [host_cpu_urma_channel.cc:90] [13041][HostCpuUrmaChannel::StartListen] SUCCESS. port[60001].
--
debug/plog/plog-12786_20260811222319086.log-75544-[INFO] HCCL(12786,python3):2026-08-11-22:23:46.506.051 [channel_process.cc:674] [13041][PrepareUserChannels] engine[CPU], channelNum[1].
debug/plog/plog-12786_20260811222319086.log-75545-[INFO] HCCL(12786,python3):2026-08-11-22:23:46.506.057 [channel_process.cc:681] [13041][PrepareUserChannels] engine[CPU] no need to pre-alloc.
debug/plog/plog-12786_20260811222319086.log:75546:[INFO] HCCP(12786,python3):2026-08-11-22:23:46.560.435 [rs_socket.c:495]tid:13045,RsEpollEventListenInHandle : [server]server_ip:::3f:500:10:0:df08:eb01 server_port:60001 accept ok, listen_fd:118, new fd:119
debug/plog/plog-12786_20260811222319086.log:75547:[INFO] HCCP(12786,python3):2026-08-11-22:23:46.560.753 [rs_socket.c:380]tid:13045,RsTcpRecvTagInHandle : recv tag success, server:{::3f:500:10:0:df08:eb01:60001} client:::3f:300:10:0:df07:ac01 timeCost:0.297000ms tagSyncTimes:1 tagEintrTimes:0
debug/plog/plog-12786_20260811222319086.log-75548-[INFO] HCCP(12786,python3):2026-08-11-22:23:46.560.774 [rs_drv_socket.c:720]tid:13045,RsFindWhiteListNode : client_ip ::3f:300:10:0:df07:ac01 0x00000000, expectIp ::3f:300:10:0:df07:ac01 0x00000000
debug/plog/plog-12786_20260811222319086.log-75549-[DEBUG] HCCP(12786,python3):2026-08-11-22:23:46.561.013 [rs_socket.c:1820]tid:13045,RsSocketSend : send fd:119, size:6, send 6B
debug/plog/plog-12786_20260811222319086.log:[INFO] HCCL(12786,python3):2026-08-11-22:23:41.390.597 [orion_adapter_hccp.cc:1185][12786][HrtRaUbCtxInit] Input params: mode=0, phyId=5, addr=::3f:500:10:0:df08:eb01
debug/plog/plog-12786_20260811222319086.log:[INFO] HCCL(12786,python3):2026-08-11-22:23:41.857.338 [orion_adapter_hccp.cc:1202][12786][HrtRaUbCtxInit] linkEid[IpAddress[0000:0000:003f:0500:0010:0000:df08:eb01, AF=IPv6, addr=::3f:500:10:0:df08:eb01, scopeId=0x0]] matched eidIndex[0].
debug/plog/plog-12786_20260811222319086.log:[INFO] HCCL(12786,python3):2026-08-11-22:23:41.857.342 [orion_adapter_hccp.cc:1214][12786][HrtRaUbCtxInit] use eid[IpAddress[0000:0000:003f:0500:0010:0000:df08:eb01, AF=IPv6, addr=::3f:500:10:0:df08:eb01, scopeId=0x0]] eidIndex[0]
debug/plog/plog-12786_20260811222319086.log:[INFO] HCCL(12786,python3):2026-08-11-22:23:46.465.276 [hcomm_c_adpt.cc:516] [13041][HcommChannelCreate] START. endpointHandle[0x2f4aa740], engine[CPU], channelNum[1].
debug/plog/plog-12786_20260811222319086.log:[INFO] HCCL(12786,python3):2026-08-11-22:23:46.465.448 [server_socket_manager.cc:54] [13041][ServerSocketManager][HostSocketListen] listen_socket_info[Socket[role=SocketRole::SERVER, localIp=IpAddress[0000:0000:003f:0500:0010:0000:df08:eb01, AF=IPv6, addr=::3f:500:10:0:df08:eb01, scopeId=0x0], listenPort=60001, remoteIp=IpAddress[0000:0000:003f:0500:0010:0000:df08:eb01, AF=IPv6, addr=::3f:500:10:0:df08:eb01, scopeId=0x0], tag=server, nicType=NicType::HOST_NIC_TYPE]]
debug/plog/plog-12786_20260811222319086.log:[INFO] HCCL(12786,python3):2026-08-11-22:23:46.469.927 [socket_mgr.cc:146] [13041][SocketMgr][CreateSocket] client_socket_info[Socket[role=SocketRole::SERVER, localIp=IpAddress[0000:0000:003f:0500:0010:0000:df08:eb01, AF=IPv6, addr=::3f:500:10:0:df08:eb01, scopeId=0x0], listenPort=60001, remoteIp=IpAddress[0000:0000:003f:0300:0010:0000:df07:ac01, AF=IPv6, addr=::3f:300:10:0:df07:ac01, scopeId=0x0], tag=AUTOMATIC_SOCKET_TAG_::3f:500:10:0:df08:eb01_::3f:300:10:0:df07:ac01_60001, nicType=NicType::HOST_NIC_TYPE]]
debug/plog/plog-12900_20260811222329940.log:[INFO] HCCL(12900,python3):2026-08-11-22:23:46.386.081 [orion_adapter_hccp.cc:1185][12900][HrtRaUbCtxInit] Input params: mode=1, phyId=5, addr=::3f:300:10:0:df07:ac01
debug/plog/plog-12900_20260811222329940.log:[INFO] HCCL(12900,python3):2026-08-11-22:23:46.407.241 [orion_adapter_hccp.cc:1202][12900][HrtRaUbCtxInit] linkEid[IpAddress[0000:0000:003f:0300:0010:0000:df07:ac01, AF=IPv6, addr=::3f:300:10:0:df07:ac01, scopeId=0x0]] matched eidIndex[1].
debug/plog/plog-12900_20260811222329940.log:[INFO] HCCL(12900,python3):2026-08-11-22:23:46.407.245 [orion_adapter_hccp.cc:1214][12900][HrtRaUbCtxInit] use eid[IpAddress[0000:0000:003f:0300:0010:0000:df07:ac01, AF=IPv6, addr=::3f:300:10:0:df07:ac01, scopeId=0x0]] eidIndex[1]
debug/plog/plog-12900_20260811222329940.log:[INFO] HCCL(12900,python3):2026-08-11-22:23:46.555.685 [hcomm_c_adpt.cc:516] [13073][HcommChannelCreate] START. endpointHandle[0x2f9fcc30], engine[AICPU], channelNum[1].
debug/plog/plog-12900_20260811222329940.log:[INFO] HCCL(12900,python3):2026-08-11-22:23:46.556.491 [socket_mgr.cc:133] [13073][SocketMgr][CreateSocket] client_socket_info[Socket[role=SocketRole::CLIENT, localIp=IpAddress[0000:0000:003f:0300:0010:0000:df07:ac01, AF=IPv6, addr=::3f:300:10:0:df07:ac01, scopeId=0x0], listenPort=60001, remoteIp=IpAddress[0000:0000:003f:0500:0010:0000:df08:eb01, AF=IPv6, addr=::3f:500:10:0:df08:eb01, scopeId=0x0], tag=AUTOMATIC_SOCKET_TAG_::3f:500:10:0:df08:eb01_::3f:300:10:0:df07:ac01_60001, nicType=NicType::DEVICE_NIC_TYPE]]
debug/plog/plog-12900_20260811222329940.log:[INFO] HCCL(12900,python3):2026-08-11-22:23:46.561.339 [socket.cc:408][13073][Socket][GetOneSocket] socket is connecting, [Socket[role=SocketRole::CLIENT, localIp=IpAddress[0000:0000:003f:0300:0010:0000:df07:ac01, AF=IPv6, addr=::3f:300:10:0:df07:ac01, scopeId=0x0], listenPort=60001, remoteIp=IpAddress[0000:0000:003f:0500:0010:0000:df08:eb01, AF=IPv6, addr=::3f:500:10:0:df08:eb01, scopeId=0x0], tag=AUTOMATIC_SOCKET_TAG_::3f:500:10:0:df08:eb01_::3f:300:10:0:df07:ac01_60001, nicType=NicType::DEVICE_NIC_TYPE]]
debug/plog/plog-12900_20260811222329940.log:[INFO] HCCL(12900,python3):2026-08-11-22:23:46.567.370 [socket.cc:507][13073][Socket][RecvAsync] reqHandle[281462630077552] start to recv size[4], [Socket[role=SocketRole::CLIENT, localIp=IpAddress[0000:0000:003f:0300:0010:0000:df07:ac01, AF=IPv6, addr=::3f:300:10:0:df07:ac01, scopeId=0x0], listenPort=60001, remoteIp=IpAddress[0000:0000:003f:0500:0010:0000:df08:eb01, AF=IPv6, addr=::3f:500:10:0:df08:eb01, scopeId=0x0], tag=AUTOMATIC_SOCKET_TAG_::3f:500:10:0:df08:eb01_::3f:300:10:0:df07:ac01_60001, nicType=NicType::DEVICE_NIC_TYPE]].
debug/plog/plog-12900_20260811222329940.log:[INFO] HCCL(12900,python3):2026-08-11-22:23:46.569.893 [socket.cc:337][13073][Socket][CheckRecvRequestResult] reqHandle[281462628768816] need to retry recv, start to recv left size[4], [Socket[role=SocketRole::CLIENT, localIp=IpAddress[0000:0000:003f:0300:0010:0000:df07:ac01, AF=IPv6, addr=::3f:300:10:0:df07:ac01, scopeId=0x0], listenPort=60001, remoteIp=IpAddress[0000:0000:003f:0500:0010:0000:df08:eb01, AF=IPv6, addr=::3f:500:10:0:df08:eb01, scopeId=0x0], tag=AUTOMATIC_SOCKET_TAG_::3f:500:10:0:df08:eb01_::3f:300:10:0:df07:ac01_60001, nicType=NicType::DEVICE_NIC_TYPE]].
debug/plog/plog-12900_20260811222329940.log:[INFO] HCCL(12900,python3):2026-08-11-22:24:16.572.449 [socket.cc:337][13073][Socket][CheckRecvRequestResult] reqHandle[281462628765616] need to retry recv, start to recv left size[4], [Socket[role=SocketRole::CLIENT, localIp=IpAddress[0000:0000:003f:0300:0010:0000:df07:ac01, AF=IPv6, addr=::3f:300:10:0:df07:ac01, scopeId=0x0], listenPort=60001, remoteIp=IpAddress[0000:0000:003f:0500:0010:0000:df08:eb01, AF=IPv6, addr=::3f:500:10:0:df08:eb01, scopeId=0x0], tag=AUTOMATIC_SOCKET_TAG_::3f:500:10:0:df08:eb01_::3f:300:10:0:df07:ac01_60001, nicType=NicType::DEVICE_NIC_TYPE]].
debug/plog/plog-12900_20260811222329940.log:[INFO] HCCL(12900,python3):2026-08-11-22:24:46.575.058 [socket.cc:337][13073][Socket][CheckRecvRequestResult] reqHandle[281462628765616] need to retry recv, start to recv left size[4], [Socket[role=SocketRole::CLIENT, localIp=IpAddress[0000:0000:003f:0300:0010:0000:df07:ac01, AF=IPv6, addr=::3f:300:10:0:df07:ac01, scopeId=0x0], listenPort=60001, remoteIp=IpAddress[0000:0000:003f:0500:0010:0000:df08:eb01, AF=IPv6, addr=::3f:500:10:0:df08:eb01, scopeId=0x0], tag=AUTOMATIC_SOCKET_TAG_::3f:500:10:0:df08:eb01_::3f:300:10:0:df07:ac01_60001, nicType=NicType::DEVICE_NIC_TYPE]].
debug/plog/plog-12900_20260811222329940.log:[INFO] HCCL(12900,python3):2026-08-11-22:25:16.577.160 [socket.cc:337][13073][Socket][CheckRecvRequestResult] reqHandle[281462628765616] need to retry recv, start to recv left size[4], [Socket[role=SocketRole::CLIENT, localIp=IpAddress[0000:0000:003f:0300:0010:0000:df07:ac01, AF=IPv6, addr=::3f:300:10:0:df07:ac01, scopeId=0x0], listenPort=60001, remoteIp=IpAddress[0000:0000:003f:0500:0010:0000:df08:eb01, AF=IPv6, addr=::3f:500:10:0:df08:eb01, scopeId=0x0], tag=AUTOMATIC_SOCKET_TAG_::3f:500:10:0:df08:eb01_::3f:300:10:0:df07:ac01_60001, nicType=NicType::DEVICE_NIC_TYPE]].
debug/plog/plog-12900_20260811222521957.log:[INFO] HCCL(12900,python3):2026-08-11-22:25:46.580.357 [socket.cc:337][13073][Socket][CheckRecvRequestResult] reqHandle[281462628765616] need to retry recv, start to recv left size[4], [Socket[role=SocketRole::CLIENT, localIp=IpAddress[0000:0000:003f:0300:0010:0000:df07:ac01, AF=IPv6, addr=::3f:300:10:0:df07:ac01, scopeId=0x0], listenPort=60001, remoteIp=IpAddress[0000:0000:003f:0500:0010:0000:df08:eb01, AF=IPv6, addr=::3f:500:10:0:df08:eb01, scopeId=0x0], tag=AUTOMATIC_SOCKET_TAG_::3f:500:10:0:df08:eb01_::3f:300:10:0:df07:ac01_60001, nicType=NicType::DEVICE_NIC_TYPE]].
debug/device-5/device-12900_20260811222343707.log-570-[DEBUG] DRV(23043,aicpu_scheduler):2026-08-11-22:23:46.461.141 [drv_event_proc.c:217][common] [drv_event_proc] Event_proc end. (proc_name=svm_svm_mpl_populate_event_proc_func; dst_dev_id=4294967295; pid=3995824; dst_engine=3; event_id=27; gid=50; subevent_id=130)
debug/device-5/device-12900_20260811222343707.log-571-[DEBUG] DRV(23043,aicpu_scheduler):2026-08-11-22:23:46.461.169 [event_sched.c:368][event-sche] [esched_finish_call_back] Called the finish func.(dev_id=0; gid=32; tid=0; event_id=27; subevent_id=130).
debug/device-5/device-12900_20260811222343707.log-572-[DEBUG] DRV(23043,aicpu_scheduler):2026-08-11-22:23:46.461.443 [drv_event_proc.c:296][common] [drv_event_thread_proc] Wait event. (dev_id=0; event_id=27; subevent_id=134)
debug/device-5/device-12900_20260811222343707.log-573-[DEBUG] DRV(23043,aicpu_scheduler):2026-08-11-22:23:46.461.459 [drv_event_proc.c:172][common] [drv_event_proc] Event_proc start. (devid=0)
debug/device-5/device-12900_20260811222343707.log-574-[DEBUG] DRV(23043,aicpu_scheduler):2026-08-11-22:23:46.461.789 [drv_event_proc.c:217][common] [drv_event_proc] Event_proc end. (proc_name=svm_svm_smm_mmap_event_proc_func; dst_dev_id=4294967295; pid=3995824; dst_engine=3; event_id=27; gid=50; subevent_id=134)
debug/device-5/device-12900_20260811222343707.log-575-[DEBUG] DRV(23043,aicpu_scheduler):2026-08-11-22:23:46.461.817 [event_sched.c:368][event-sche] [esched_finish_call_back] Called the finish func.(dev_id=0; gid=32; tid=0; event_id=27; subevent_id=134).
debug/device-5/device-12900_20260811222343707.log:576:[INFO] HCCP(23097,hccp_service.bin):2026-08-11-22:23:46.713.676 [ra_adp.c:2168]tid:23097,HccpInit : hccp[0] hdc_type[18] white_list_status[1] init start
debug/device-5/device-12900_20260811222343707.log-577-[INFO] NET(23097,hccp_service.bin):2026-08-11-22:23:46.713.727 [dl_hal_function.c:295]DlHalInit : dl_hal_init success!
debug/device-5/device-12900_20260811222343707.log-578-[DEBUG] DRV(23097,hccp_service.bin):2026-08-11-22:23:46.713.770 [dms_soc.c:212][devmng] [DmsGetCpuInfo] Get cpu info success.
debug/device-5/device-12900_20260811222343707.log-579-[WARNING] NET(23097,hccp_service.bin):2026-08-11-22:23:46.713.782 [dl_hal_function.c:344]DlHalGetPhyDevIdByudevId : dlHalGetPhyDevIdByudevId is NULL
debug/device-5/device-12900_20260811222343707.log-580-[DEBUG] DRV(23097,hccp_service.bin):2026-08-11-22:23:46.714.009 [hdc_ub_epoll.c:53][hdc] [drv_hdc_ub_epoll_create] Epoll create. (fd=26, size=1024)
debug/device-5/device-12900_20260811222343707.log-581-[DEBUG] DRV(23097,hccp_service.bin):2026-08-11-22:23:46.714.126 [hdc_ub_drv.c:1874][hdc] [hdc_ub_server_create] create hdc server success.(device id=0; service_type=18)
debug/device-5/device-12900_20260811222343707.log-582-[INFO] DRV(23097,hccp_service.bin):2026-08-11-22:23:46.714.136 [hdc_server.c:264][hdc] [drvHdcServerCreate] Create server success. (listen_device=0)
--
debug/device-5/device-12900_20260811222343707.log-587-[INFO] HCCP(23097,hccp_service.bin):2026-08-11-22:23:46.716.686 [rs.c:229]tid:23097,RsPthreadMutexInit : mutex init ok
debug/device-5/device-12900_20260811222343707.log-588-[INFO] HCCP(23097,hccp_service.bin):2026-08-11-22:23:46.716.701 [rs.c:2208]tid:23097,RsGetProductType : [Get][ChipInfo]chip name is 950DT_9582, type:4
debug/device-5/device-12900_20260811222343707.log-589-[INFO] HCCP(23097,hccp_service.bin):2026-08-11-22:23:46.716.723 [rs.c:2208]tid:23097,RsGetProductType : [Get][ChipInfo]chip name is 950DT_9582, type:4
debug/device-5/device-12900_20260811222343707.log-590-[DEBUG] DRV(23097,hccp_service.bin):2026-08-11-22:23:46.717.507 [dms_soc.c:212][devmng] [DmsGetCpuInfo] Get cpu info success.
debug/device-5/device-12900_20260811222343707.log-591-[INFO] DRV(23097,hccp_service.bin):2026-08-11-22:23:46.717.649 [esched_adapt.c:72][event-sche] [esched_attach_device_inner] Attach device. (ret=0; dev_id=0)
debug/device-5/device-12900_20260811222343707.log-592-[INFO] DRV(23097,hccp_service.bin):2026-08-11-22:23:46.717.751 [event_sched.c:1060][event-sche] [esched_create_grp] Esched create grp success. (dev_id=0; gid=0; sched_mode=2; grpName=)
debug/device-5/device-12900_20260811222343707.log:593:[INFO] NET(23097,hccp_service.bin):2026-08-11-22:23:46.718.070 [tls_common.c:257]get_tls_enable_from_hcdev: read enable status from hccn_cdev.ko success.
debug/device-5/device-12900_20260811222343707.log-594-[INFO] HCCP(23097,hccp_service.bin):2026-08-11-22:23:46.718.122 [rs_epoll.c:724]tid:23097,RsEpollConnectHandleInit : rs_create_epoll ok
debug/device-5/device-12900_20260811222343707.log-595-[INFO] HCCP(23097,hccp_service.bin):2026-08-11-22:23:46.718.239 [rs_epoll.c:519]tid:23107,RsEpollHandle : <EPOLL> thread begin! thread_id:4397891315744, pid:23097, ppid:4003
debug/device-5/device-12900_20260811222343707.log-596-[DEBUG] DRV(23097,hccp_service.bin):2026-08-11-22:23:46.718.294 [dms_soc.c:212][devmng] [DmsGetCpuInfo] Get cpu info success.
debug/device-5/device-12900_20260811222343707.log-597-[INFO] HCCP(23097,hccp_service.bin):2026-08-11-22:23:46.718.454 [rs_epoll.c:745]tid:23097,RsEpollConnectHandleInit : RS INIT OK!
debug/device-5/device-12900_20260811222343707.log-598-[INFO] HCCP(23097,hccp_service.bin):2026-08-11-22:23:46.718.466 [rs.c:325]tid:23097,RsInitRscbCfg : rs_epoll_connect_handle_init ok cost [0.366000] ms
debug/device-5/device-12900_20260811222343707.log-599-[INFO] HCCP(23097,hccp_service.bin):2026-08-11-22:23:46.718.586 [rs_epoll.c:655]tid:23108,RsConnectHandle : <SOCKET> thread begin! thread_id:4397882861600, pid:23097, ppid:4003
--
debug/device-5/device-12900_20260811222343707.log-1108-[DEBUG] DRV(23043,aicpu_scheduler):2026-08-11-22:23:46.955.832 [trs_slave_urma.c:382][tsdrv] [trs_destroy_stars_jetty] Destroy stars jetty success. (jetty_id=1259)
debug/device-5/device-12900_20260811222343707.log-1109-[DEBUG] DRV(23043,aicpu_scheduler):2026-08-11-22:23:46.955.869 [trs_slave_urma.c:217][tsdrv] [trs_free_stars_jetty_id] Free jetty id success. (dev_id=0; jetty_id=1259)
debug/device-5/device-12900_20260811222343707.log-1110-[DEBUG] DRV(23043,aicpu_scheduler):2026-08-11-22:23:46.956.282 [trs_slave_urma.c:811][tsdrv] [trs_remote_urma_free_sqcq] Res info. (dev_id=0; res_type=0; sqid=57; cqid=57)
debug/device-5/device-12900_20260811222343707.log-1111-[DEBUG] DRV(23043,aicpu_scheduler):2026-08-11-22:23:46.956.602 [drv_event_proc.c:217][common] [drv_event_proc] Event_proc end. (proc_name=trs_free_sqcq_with_urma; dst_dev_id=4294967295; pid=3995824; dst_engine=3; event_id=28; gid=33; subevent_id=5)
debug/device-5/device-12900_20260811222343707.log-1112-[DEBUG] DRV(23043,aicpu_scheduler):2026-08-11-22:23:46.956.626 [event_sched.c:368][event-sche] [esched_finish_call_back] Called the finish func.(dev_id=0; gid=32; tid=0; event_id=24; subevent_id=40).
debug/device-5/device-12900_20260811222343707.log-1113-[DEBUG] HCCP(23097,hccp_service.bin):2026-08-11-22:23:46.957.104 [ra_adp.c:1518]tid:23102,RaGetOpRight : opcode[40], exeRight[1], tokenNum[2048], cfgOpNum[0]
debug/device-5/device-12900_20260811222343707.log:1114:[INFO] HCCP(23097,hccp_service.bin):2026-08-11-22:23:46.957.171 [rs_drv_socket.c:753]tid:23102,RsFindWhiteList : white list for IP(::3f:300:10:0:df07:ac01) doesn't exist!
debug/device-5/device-12900_20260811222343707.log:1115:[INFO] HCCP(23097,hccp_service.bin):2026-08-11-22:23:46.957.212 [rs_drv_socket.c:729]tid:23102,RsFindWhiteListNode : white list node for IP(::3f:500:10:0:df08:eb01), tag(AUTOMATIC_SOCKET_TAG_::3f:500:10:0:df08:eb01_::3f:300:10:0:df07:ac01_60001) doesn't exist!
debug/device-5/device-12900_20260811222343707.log-1116-[DEBUG] HCCP(23097,hccp_service.bin):2026-08-11-22:23:46.957.662 [ra_adp.c:1515]tid:23112,RaGetOpRight : opcode[0], reqId[0], exeRight[1], tokenNum[2048], cfgOpNum[0]
debug/device-5/device-12900_20260811222343707.log-1117-[INFO] HCCP(23097,hccp_service.bin):2026-08-11-22:23:46.957.769 [rs_socket.c:1411]tid:23112,rs_socket_IP_convert : local IP[::3f:300:10:0:df07:ac01], ret:0, remote IP[::3f:500:10:0:df08:eb01], ret:0
debug/device-5/device-12900_20260811222343707.log-1118-[WARNING] HCCP(23097,hccp_service.bin):2026-08-11-22:23:46.958.003 [rs_drv_socket.c:540]tid:23112,RsGetConnInfo : conn node for IP(::3f:500:10:0:df08:eb01) server_port(60001) tag(AUTOMATIC_SOCKET_TAG_::3f:500:10:0:df08:eb01_::3f:300:10:0:df07:ac01_60001) not found
debug/device-5/device-12900_20260811222343707.log-1119-[INFO] HCCP(23097,hccp_service.bin):2026-08-11-22:23:46.958.019 [rs_socket.c:1472]tid:23112,RsSocketBatchConnect : create conn node for {remote_ip(::3f:500:10:0:df08:eb01), serverPort(60001), tag(AUTOMATIC_SOCKET_TAG_::3f:500:10:0:df08:eb01_::3f:300:10:0:df07:ac01_60001)}!
debug/device-5/device-12900_20260811222343707.log-1120-[DEBUG] HCCP(23097,hccp_service.bin):2026-08-11-22:23:46.958.104 [ra_adp.c:1518]tid:23102,RaGetOpRight : opcode[58], exeRight[1], tokenNum[2048], cfgOpNum[0]
debug/device-5/device-12900_20260811222343707.log-1121-[INFO] HCCP(23097,hccp_service.bin):2026-08-11-22:23:46.958.125 [rs.c:2208]tid:23102,RsGetProductType : [Get][ChipInfo]chip name is 950DT_9582, type:4
--
debug/plog/plog-12786_20260811222319086.log-71526-[DEBUG] GE(12786,python3):2026-08-11-22:23:29.438.475 [operator_factory_impl.cc:254]12786 RegisterInferShapeFunc:Register infer func for type: DepthwiseConv2D.
debug/plog/plog-12786_20260811222319086.log-71527-[DEBUG] GE(12786,python3):2026-08-11-22:23:29.438.478 [operator_factory_impl.cc:254]12786 RegisterInferShapeFunc:Register infer func for type: DepthwiseConv2DBackpropInputD.
debug/plog/plog-12786_20260811222319086.log-71528-[DEBUG] GE(12786,python3):2026-08-11-22:23:29.438.481 [operator_factory_impl.cc:254]12786 RegisterInferShapeFunc:Register infer func for type: DepthwiseConv2DBackpropInput.
debug/plog/plog-12786_20260811222319086.log-71529-[DEBUG] GE(12786,python3):2026-08-11-22:23:29.438.483 [operator_factory_impl.cc:254]12786 RegisterInferShapeFunc:Register infer func for type: DepthwiseConv2DBackpropFilterD.
debug/plog/plog-12786_20260811222319086.log-71530-[DEBUG] GE(12786,python3):2026-08-11-22:23:29.438.486 [operator_factory_impl.cc:254]12786 RegisterInferShapeFunc:Register infer func for type: DepthwiseConv2DBackpropFilter.
debug/plog/plog-12786_20260811222319086.log-71531-[DEBUG] GE(12786,python3):2026-08-11-22:23:29.438.488 [operator_factory_impl.cc:254]12786 RegisterInferShapeFunc:Register infer func for type: BiasAddGrad.
debug/plog/plog-12786_20260811222319086.log:71532:[INFO] GE(12786,python3):2026-08-11-22:23:29.438.492 [operator_factory_impl.cc:369]12786 RegisterInferAxisSliceFunc:axis slice derivation funcs init
debug/plog/plog-12786_20260811222319086.log-71533-[DEBUG] GE(12786,python3):2026-08-11-22:23:29.438.494 [operator_factory_impl.cc:254]12786 RegisterInferShapeFunc:Register infer func for type: Conv2DBackpropInput.
debug/plog/plog-12786_20260811222319086.log-71534-[DEBUG] GE(12786,python3):2026-08-11-22:23:29.438.498 [operator_factory_impl.cc:254]12786 RegisterInferShapeFunc:Register infer func for type: Conv2DBackpropInputD.
debug/plog/plog-12786_20260811222319086.log-71535-[DEBUG] GE(12786,python3):2026-08-11-22:23:29.438.500 [operator_factory_impl.cc:254]12786 RegisterInferShapeFunc:Register infer func for type: Conv2DBackpropFilter.
debug/plog/plog-12786_20260811222319086.log-71536-[DEBUG] GE(12786,python3):2026-08-11-22:23:29.438.508 [operator_factory_impl.cc:254]12786 RegisterInferShapeFunc:Register infer func for type: Conv2DBackpropFilterD.
debug/plog/plog-12786_20260811222319086.log-71537-[DEBUG] GE(12786,python3):2026-08-11-22:23:29.438.511 [operator_factory_impl.cc:254]12786 RegisterInferShapeFunc:Register infer func for type: Conv2D.
debug/plog/plog-12786_20260811222319086.log-71538-[DEBUG] GE(12786,python3):2026-08-11-22:23:29.438.513 [operator_factory_impl.cc:254]12786 RegisterInferShapeFunc:Register infer func for type: Conv2DCompress.
--
debug/plog/plog-12786_20260811222319086.log-75191-[INFO] RUNTIME(12786,python3):2026-08-11-22:23:41.385.582 [api_impl.cc:3294] 12786 GetDevicePhyIdByIndex: get PhyId by Index=5.
debug/plog/plog-12786_20260811222319086.log-75192-[INFO] ASCENDCL(12786,python3):2026-08-11-22:23:41.385.583 [device.cpp:515]12786 aclrtGetPhyDevIdByLogicDevIdImpl: successfully execute aclrtGetPhyDevIdByLogicDevId
debug/plog/plog-12786_20260811222319086.log-75193-[INFO] HCCL(12786,python3):2026-08-11-22:23:41.385.586 [orion_adapter_rts.cc:88][12786][HrtGetDevicePhyIdByIndex]deviceLogicId=0, devicePhyId=5.
debug/plog/plog-12786_20260811222319086.log-75194-[INFO] HCCL(12786,python3):2026-08-11-22:23:41.385.589 [orion_adapter_hccp.cc:176][12786][Init][Ra] Input params: phyId=[5], mode=[0]
debug/plog/plog-12786_20260811222319086.log-75195-[INFO] HCCL(12786,python3):2026-08-11-22:23:41.385.722 [env_func.cc:699][12786][CannVersion][Verification]cann version path /usr/local/Ascend/nnal/atb/latest/version.cfg is not a valid real path
debug/plog/plog-12786_20260811222319086.log-75196-[INFO] NET(12786,python3):2026-08-11-22:23:41.385.823 [dl_hal_function.c:295]DlHalInit : dl_hal_init success!
debug/plog/plog-12786_20260811222319086.log:75197:[INFO] HCCP(12786,python3):2026-08-11-22:23:41.385.827 [ra_host.c:1553]tid:12786,RaSocketGetWhiteListStatus : white list status: enable[1]
debug/plog/plog-12786_20260811222319086.log-75198-[INFO] HCCP(12786,python3):2026-08-11-22:23:41.385.830 [ra_peer.c:993]tid:12786,RaPeerInit : [init][ra_peer]ra_peer_init phyId[5] start
debug/plog/plog-12786_20260811222319086.log-75199-[INFO] NET(12786,python3):2026-08-11-22:23:41.385.883 [dl_hal_function.c:295]DlHalInit : dl_hal_init success!
debug/plog/plog-12786_20260811222319086.log-75200-[INFO] NET(12786,python3):2026-08-11-22:23:41.385.927 [dl_hal_function.c:295]DlHalInit : dl_hal_init success!
debug/plog/plog-12786_20260811222319086.log-75201-[INFO] HCCP(12786,python3):2026-08-11-22:23:41.385.931 [rs.c:229]tid:12786,RsPthreadMutexInit : mutex init ok
debug/plog/plog-12786_20260811222319086.log-75202-[INFO] NET(12786,python3):2026-08-11-22:23:41.385.938 [dl_hal_function.c:280]DlHalInit : dl_hal_init success, no need to dlopen libascend_hal.so!
debug/plog/plog-12786_20260811222319086.log-75203-[INFO] NET(12786,python3):2026-08-11-22:23:41.385.968 [dl_hal_function.c:261]DlHalDeinit : dl_hal_deinit success, no need to dlclose libascend_hal.so!
debug/plog/plog-12786_20260811222319086.log:75204:[WARNING] HCCP(12786,python3):2026-08-11-22:23:41.386.109 [rs_tls.c:1869]tid:12786,rs_ssl_init: can not get manage data, ret(-2). maybe not set tls
debug/plog/plog-12786_20260811222319086.log-75205-[INFO] HCCP(12786,python3):2026-08-11-22:23:41.386.126 [rs_epoll.c:724]tid:12786,RsEpollConnectHandleInit : rs_create_epoll ok
debug/plog/plog-12786_20260811222319086.log-75206-[INFO] HCCP(12786,python3):2026-08-11-22:23:41.386.257 [rs_epoll.c:745]tid:12786,RsEpollConnectHandleInit : RS INIT OK!
debug/plog/plog-12786_20260811222319086.log-75207-[INFO] HCCP(12786,python3):2026-08-11-22:23:41.386.259 [rs.c:325]tid:12786,RsInitRscbCfg : rs_epoll_connect_handle_init ok cost [0.145000] ms
debug/plog/plog-12786_20260811222319086.log-75208-[INFO] HCCP(12786,python3):2026-08-11-22:23:41.386.453 [rs_epoll.c:519]tid:13045,RsEpollHandle : <EPOLL> thread begin! thread_id:281462250860960, pid:12786, ppid:7818
debug/plog/plog-12786_20260811222319086.log-75209-[INFO] HCCP(12786,python3):2026-08-11-22:23:41.386.476 [rs_epoll.c:655]tid:13046,RsConnectHandle : <SOCKET> thread begin! thread_id:281462242406816, pid:12786, ppid:7818
debug/plog/plog-12786_20260811222319086.log-75210-[INFO] HCCP(12786,python3):2026-08-11-22:23:41.386.488 [rs_epoll.c:447]tid:13045,BindDataCpu : host not need bind cpu, info[1]
--
debug/plog/plog-12786_20260811222319086.log-75406-[DEBUG] DRV(12786,python3):2026-08-11-22:23:46.145.736 [svm_urma_chan.c:213][ascend][curpid:12786,13025][drv][devmm][svm_urma_chan_submit](id=10; jfs=27347; jfc=46971; remote_jfr_id=3808)
debug/plog/plog-12786_20260811222319086.log-75407-[DEBUG] DRV(12786,python3):2026-08-11-22:23:46.145.739 [svm_urma_chan.c:216][ascend][curpid:12786,13025][drv][devmm][svm_urma_chan_submit]src=0x12004ba00000; dst=0x100000000000; size=32; src_tseg=0x2d328d80; dst_tseg=0x2d348cb0
debug/plog/plog-12786_20260811222319086.log-75408-[DEBUG] DRV(12786,python3):2026-08-11-22:23:46.145.742 [svm_urma_jetty.c:277][ascend][curpid:12786,13025][drv][devmm][svm_urma_jetty_fill_jfs_wrs]Svm_fill_jfs_info. (src=0x12004ba00000; dst=0x100000000000; post_id=0; ack_id=0; depth=512)
debug/plog/plog-12786_20260811222319086.log-75409-[INFO] ASCENDCL(12786,python3):2026-08-11-22:23:46.465.134 [device.cpp:128]13041 aclrtGetDeviceImpl: start to execute aclrtGetDevice
debug/plog/plog-12786_20260811222319086.log-75410-[INFO] RUNTIME(12786,python3):2026-08-11-22:23:46.465.162 [runtime.cc:4335] 13041 GetUserDevIdByDeviceId: userDevId=0, deviceId=5, isDeviceSetResetOp=0
debug/plog/plog-12786_20260811222319086.log-75411-[DEBUG] ASCENDCL(12786,python3):2026-08-11-22:23:46.465.166 [device.cpp:135]13041 aclrtGetDeviceImpl: successfully execute aclrtGetDevice, get device id is 0.
debug/plog/plog-12786_20260811222319086.log:75412:[INFO] HCCL(12786,python3):2026-08-11-22:23:46.465.276 [hcomm_c_adpt.cc:516] [13041][HcommChannelCreate] START. endpointHandle[0x2f4aa740], engine[CPU], channelNum[1].
debug/plog/plog-12786_20260811222319086.log-75413-[INFO] ASCENDCL(12786,python3):2026-08-11-22:23:46.465.288 [device.cpp:128]13041 aclrtGetDeviceImpl: start to execute aclrtGetDevice
debug/plog/plog-12786_20260811222319086.log-75414-[INFO] RUNTIME(12786,python3):2026-08-11-22:23:46.465.291 [runtime.cc:4335] 13041 GetUserDevIdByDeviceId: userDevId=0, deviceId=5, isDeviceSetResetOp=0
debug/plog/plog-12786_20260811222319086.log-75415-[DEBUG] ASCENDCL(12786,python3):2026-08-11-22:23:46.465.292 [device.cpp:135]13041 aclrtGetDeviceImpl: successfully execute aclrtGetDevice, get device id is 0.
debug/plog/plog-12786_20260811222319086.log-75416-[INFO] HCCL(12786,python3):2026-08-11-22:23:46.465.295 [adapter_rts.cc:270] [13041][hrtGetDevice]deviceLogicId[0]
debug/plog/plog-12786_20260811222319086.log-75417-[INFO] ASCENDCL(12786,python3):2026-08-11-22:23:46.465.299 [acl_rt_impl_base.cpp:206]13041 aclrtGetSocNameImpl: start to execute aclrtGetSocName.
debug/plog/plog-12786_20260811222319086.log-75418-[INFO] ASCENDCL(12786,python3):2026-08-11-22:23:46.465.303 [acl_rt_impl_base.cpp:135]13041 InitSocVersion: get SocVersion success, SocVersion = Ascend950DT_9582
--
debug/plog/plog-12786_20260811222319086.log-75440-[INFO] HCCL(12786,python3):2026-08-11-22:23:46.465.387 [cpu_roce_endpoint.cc:82] [13041][ConnProto2LinkProto] linkType is[LinkProtoType::UB]
debug/plog/plog-12786_20260811222319086.log-75441-[INFO] HCCL(12786,python3):2026-08-11-22:23:46.465.395 [cpu_urma_endpoint.cc:83] [13041][CpuUrmaEndpoint::ServerSocketListen] devicePhyId[5] ipAddress[IpAddress[0000:0000:003f:0500:0010:0000:df08:eb01, AF=IPv6, addr=::3f:500:10:0:df08:eb01, scopeId=0x0]]
debug/plog/plog-12786_20260811222319086.log-75442-[INFO] HCCL(12786,python3):2026-08-11-22:23:46.465.407 [host_socket_handle_manager.cc:34][13041][HostSocketHandleManager::Create] start
debug/plog/plog-12786_20260811222319086.log-75443-[INFO] HCCL(12786,python3):2026-08-11-22:23:46.465.421 [orion_adapter_hccp.cc:687][13041][HrtRaSocketInit] Input params: mode=0, ip=0, device id=5, family=10
debug/plog/plog-12786_20260811222319086.log-75444-[INFO] HCCL(12786,python3):2026-08-11-22:23:46.465.430 [orion_adapter_hccp.cc:696][13041]socket init success, ip[0], device id[5], ret[0]
debug/plog/plog-12786_20260811222319086.log-75445-[INFO] HCCL(12786,python3):2026-08-11-22:23:46.465.436 [host_socket_handle_manager.cc:69][13041][HostSocketHandleManager::Create] devicePhyId[5] hostIp[::3f:500:10:0:df08:eb01] create end.
debug/plog/plog-12786_20260811222319086.log:75446:[INFO] HCCL(12786,python3):2026-08-11-22:23:46.465.448 [server_socket_manager.cc:54] [13041][ServerSocketManager][HostSocketListen] listen_socket_info[Socket[role=SocketRole::SERVER, localIp=IpAddress[0000:0000:003f:0500:0010:0000:df08:eb01, AF=IPv6, addr=::3f:500:10:0:df08:eb01, scopeId=0x0], listenPort=60001, remoteIp=IpAddress[0000:0000:003f:0500:0010:0000:df08:eb01, AF=IPv6, addr=::3f:500:10:0:df08:eb01, scopeId=0x0], tag=server, nicType=NicType::HOST_NIC_TYPE]]
debug/plog/plog-12786_20260811222319086.log:75447:[INFO] HCCL(12786,python3):2026-08-11-22:23:46.465.452 [socket.cc:33][13041][Socket::Listen] listen start, listenPort[60001]
debug/plog/plog-12786_20260811222319086.log-75448-[INFO] HCCL(12786,python3):2026-08-11-22:23:46.465.456 [orion_adapter_hccp.cc:429][13041][ListenStart][RaSocket] Input params: socketHandle: 0xfffd00008b20, port: 60001
debug/plog/plog-12786_20260811222319086.log-75449-[INFO] HCCL(12786,python3):2026-08-11-22:23:46.465.458 [orion_adapter_hccp.cc:341][13041][ListenStart][RaSocket] Input params: num=1
debug/plog/plog-12786_20260811222319086.log-75450-[INFO] HCCP(12786,python3):2026-08-11-22:23:46.469.748 [rs_drv_socket.c:563]tid:13041,RsFindListenNode : listen node for IP(::3f:500:10:0:df08:eb01), serverPort(60001) is not listen!
debug/plog/plog-12786_20260811222319086.log-75451-[INFO] HCCP(12786,python3):2026-08-11-22:23:46.469.754 [rs_drv_socket.c:563]tid:13041,RsFindListenNode : listen node for IP(::3f:500:10:0:df08:eb01), serverPort(60001) is not listen!
debug/plog/plog-12786_20260811222319086.log-75452-[INFO] HCCP(12786,python3):2026-08-11-22:23:46.469.756 [rs_drv_socket.c:620]tid:13041,RsListenNodeAlloc : create listen node for IP(::3f:500:10:0:df08:eb01)!
debug/plog/plog-12786_20260811222319086.log-75453-[INFO] HCCP(12786,python3):2026-08-11-22:23:46.469.775 [rs_socket.c:575]tid:13041,RsSocketListenBindListen : listen state:1, then bind for (IP ::3f:500:10:0:df08:eb01 : port 60001)
--
debug/plog/plog-12786_20260811222319086.log-75473-[INFO] HCCL(12786,python3):2026-08-11-22:23:46.469.838 [host_cpu_urma_channel.cc:90] [13041][HostCpuUrmaChannel::StartListen] SUCCESS. port[60001].
debug/plog/plog-12786_20260811222319086.log-75474-[INFO] HCCL(12786,python3):2026-08-11-22:23:46.469.841 [host_cpu_urma_channel.cc:99] [13041][HostCpuUrmaChannel::BuildSocket] socket ptr is NULL, rebuild Socket
debug/plog/plog-12786_20260811222319086.log-75475-[INFO] HCCL(12786,python3):2026-08-11-22:23:46.469.845 [orion_adpt_utils.cc:151] [13041][IpAddress] 0000:0000:003f:0500:0010:0000:df08:eb01
debug/plog/plog-12786_20260811222319086.log-75476-[INFO] HCCL(12786,python3):2026-08-11-22:23:46.469.865 [host_cpu_urma_channel.cc:103] [13041][HostCpuUrmaChannel::BuildSocket] built linkData: LinkData:type=PortDeploymentType::HOST_NET, protocol=LinkProtocol::UB_CTP, localRankId=0, localAddr=IpAddress[0000:0000:003f:0500:0010:0000:df08:eb01, AF=IPv6, addr=::3f:500:10:0:df08:eb01, scopeId=0x0], remoteRankId=5, remoteAddr=IpAddress[0000:0000:003f:0300:0010:0000:df07:ac01, AF=IPv6, addr=::3f:300:10:0:df07:ac01, scopeId=0x0], reuseIdx=0
debug/plog/plog-12786_20260811222319086.log-75477-[INFO] HCCL(12786,python3):2026-08-11-22:23:46.469.867 [host_cpu_urma_channel.cc:107] [13041][HostCpuUrmaChannel::BuildSocket] channelDesc port is 0, use default port [60001]
debug/plog/plog-12786_20260811222319086.log-75478-[INFO] HCCL(12786,python3):2026-08-11-22:23:46.469.889 [socket_mgr.cc:107] [13041][SocketMgr][GetSocketHandle] socketHandle[0xfffd00008b20] devicePhyId[5] localPort[PortData[rankId=0, type=PortDeploymentType::HOST_NET, id=0, addr=IpAddress[0000:0000:003f:0500:0010:0000:df08:eb01, AF=IPv6, addr=::3f:500:10:0:df08:eb01, scopeId=0x0]]]
debug/plog/plog-12786_20260811222319086.log:75479:[INFO] HCCL(12786,python3):2026-08-11-22:23:46.469.896 [orion_adapter_hccp.cc:740][13041][HrtRaSocketWhiteListAdd] Input params: socketHandle=0xfffd00008b20
debug/plog/plog-12786_20260811222319086.log:75480:[INFO] HCCL(12786,python3):2026-08-11-22:23:46.469.901 [orion_adapter_hccp.cc:759][13041]add whitelistInfo tag=[AUTOMATIC_SOCKET_TAG_::3f:500:10:0:df08:eb01_::3f:300:10:0:df07:ac01_60001], remoteIp[IpAddress[0000:0000:003f:0300:0010:0000:df07:ac01, AF=IPv6, addr=::3f:300:10:0:df07:ac01, scopeId=0x0]]
debug/plog/plog-12786_20260811222319086.log:75481:[INFO] HCCP(12786,python3):2026-08-11-22:23:46.469.905 [ra_host.c:1599]tid:13041,RaSocketWhiteListAdd : Input parameters: phyId[5], localIp[::3f:500:10:0:df08:eb01], num[1]
debug/plog/plog-12786_20260811222319086.log:75482:[INFO] HCCP(12786,python3):2026-08-11-22:23:46.469.910 [rs_drv_socket.c:753]tid:13041,RsFindWhiteList : white list for IP(::3f:500:10:0:df08:eb01) doesn't exist!
debug/plog/plog-12786_20260811222319086.log:75483:[INFO] HCCP(12786,python3):2026-08-11-22:23:46.469.914 [rs_drv_socket.c:729]tid:13041,RsFindWhiteListNode : white list node for IP(::3f:300:10:0:df07:ac01), tag(AUTOMATIC_SOCKET_TAG_::3f:500:10:0:df08:eb01_::3f:300:10:0:df07:ac01_60001) doesn't exist!
debug/plog/plog-12786_20260811222319086.log:75484:[INFO] HCCL(12786,python3):2026-08-11-22:23:46.469.918 [orion_adapter_hccp.cc:768][13041]add white list: num[1], remain [0].
debug/plog/plog-12786_20260811222319086.log:75485:[INFO] HCCL(12786,python3):2026-08-11-22:23:46.469.920 [orion_adapter_hccp.cc:774][13041][HrtRaSocketWhiteListAdd] Success. Total add num [1]
debug/plog/plog-12786_20260811222319086.log:75486:[INFO] HCCL(12786,python3):2026-08-11-22:23:46.469.927 [socket_mgr.cc:146] [13041][SocketMgr][CreateSocket] client_socket_info[Socket[role=SocketRole::SERVER, localIp=IpAddress[0000:0000:003f:0500:0010:0000:df08:eb01, AF=IPv6, addr=::3f:500:10:0:df08:eb01, scopeId=0x0], listenPort=60001, remoteIp=IpAddress[0000:0000:003f:0300:0010:0000:df07:ac01, AF=IPv6, addr=::3f:300:10:0:df07:ac01, scopeId=0x0], tag=AUTOMATIC_SOCKET_TAG_::3f:500:10:0:df08:eb01_::3f:300:10:0:df07:ac01_60001, nicType=NicType::HOST_NIC_TYPE]]
debug/plog/plog-12786_20260811222319086.log-75487-[INFO] HCCL(12786,python3):2026-08-11-22:23:46.469.932 [socket.cc:61][13041]socket role_ is 0, SocketRole::SERVER
debug/plog/plog-12786_20260811222319086.log-75488-[INFO] HCCL(12786,python3):2026-08-11-22:23:46.469.936 [host_cpu_urma_channel.cc:117] [13041][HostCpuUrmaChannel::BuildSocket] SUCCESS. port[60001].
debug/plog/plog-12786_20260811222319086.log-75489-[INFO] HCCL(12786,python3):2026-08-11-22:23:46.469.939 [orion_adpt_utils.cc:151] [13041][IpAddress] 0000:0000:003f:0500:0010:0000:df08:eb01
debug/plog/plog-12786_20260811222319086.log-75490-[INFO] ASCENDCL(12786,python3):2026-08-11-22:23:46.469.948 [acl_rt_impl_base.cpp:206]13041 aclrtGetSocNameImpl: start to execute aclrtGetSocName.
debug/plog/plog-12786_20260811222319086.log-75491-[INFO] ASCENDCL(12786,python3):2026-08-11-22:23:46.469.950 [acl_rt_impl_base.cpp:135]13041 InitSocVersion: get SocVersion success, SocVersion = Ascend950DT_9582
debug/plog/plog-12786_20260811222319086.log-75492-[INFO] ASCENDCL(12786,python3):2026-08-11-22:23:46.469.952 [acl_rt_impl_base.cpp:213]13041 aclrtGetSocNameImpl: execute aclrtGetSocName successfully
--
debug/plog/plog-12786_20260811222319086.log-75542-[INFO] HCCL(12786,python3):2026-08-11-22:23:46.506.031 [hcomm_adapter_hccp.cc:524] [13041]HccpRaGetDevBaseAttr success, sqMaxDepth[8192], rqMaxDepth[32768], sqMaxSge[13], rqMaxSge[4], maxReadSize[268435456], maxWriteSize[268435456]
debug/plog/plog-12786_20260811222319086.log-75543-[INFO] HCCL(12786,python3):2026-08-11-22:23:46.506.038 [channel_process.cc:97] [13041]CreateChannelsLoop deviceId[0], handle[0xfffd00007ee0], ptr[0xfffd00007ee0]
debug/plog/plog-12786_20260811222319086.log-75544-[INFO] HCCL(12786,python3):2026-08-11-22:23:46.506.051 [channel_process.cc:674] [13041][PrepareUserChannels] engine[CPU], channelNum[1].
debug/plog/plog-12786_20260811222319086.log-75545-[INFO] HCCL(12786,python3):2026-08-11-22:23:46.506.057 [channel_process.cc:681] [13041][PrepareUserChannels] engine[CPU] no need to pre-alloc.
debug/plog/plog-12786_20260811222319086.log-75546-[INFO] HCCP(12786,python3):2026-08-11-22:23:46.560.435 [rs_socket.c:495]tid:13045,RsEpollEventListenInHandle : [server]server_ip:::3f:500:10:0:df08:eb01 server_port:60001 accept ok, listen_fd:118, new fd:119
debug/plog/plog-12786_20260811222319086.log-75547-[INFO] HCCP(12786,python3):2026-08-11-22:23:46.560.753 [rs_socket.c:380]tid:13045,RsTcpRecvTagInHandle : recv tag success, server:{::3f:500:10:0:df08:eb01:60001} client:::3f:300:10:0:df07:ac01 timeCost:0.297000ms tagSyncTimes:1 tagEintrTimes:0
debug/plog/plog-12786_20260811222319086.log:75548:[INFO] HCCP(12786,python3):2026-08-11-22:23:46.560.774 [rs_drv_socket.c:720]tid:13045,RsFindWhiteListNode : client_ip ::3f:300:10:0:df07:ac01 0x00000000, expectIp ::3f:300:10:0:df07:ac01 0x00000000
debug/plog/plog-12786_20260811222319086.log-75549-[DEBUG] HCCP(12786,python3):2026-08-11-22:23:46.561.013 [rs_socket.c:1820]tid:13045,RsSocketSend : send fd:119, size:6, send 6B
debug/plog/plog-12786_20260811222319086.log-75550-[INFO] HCCP(12786,python3):2026-08-11-22:23:46.561.025 [rs_epoll.c:129]tid:13045,RsWlistCheckConnAdd : [Server]chip_id 5, fd 119 accept, server ip:::3f:500:10:0:df08:eb01, client ip:::3f:300:10:0:df07:ac01, state:8, tag:AUTOMATIC_SOCKET_TAG_::3f:500:10:0:df08:eb01_::3f:300:10:0:df07:ac01_60001
debug/plog/plog-12786_20260811222319086.log-75551-[INFO] HCCP(12786,python3):2026-08-11-22:23:46.561.030 [rs_drv_socket.c:506]tid:13045,ShowConnNode : current server ip: ::3f:500:10:0:df08:eb01, client ip:::3f:300:10:0:df07:ac01, fd:119, state:8, tag:AUTOMATIC_SOCKET_TAG_::3f:500:10:0:df08:eb01_::3f:300:10:0:df07:ac01_60001
debug/plog/plog-12786_20260811222319086.log-75552-[INFO] HCCP(12786,python3):2026-08-11-22:23:46.561.034 [rs_epoll.c:334]tid:13045,RsEpollEventInHandle : the fd:118 is tcp listened, no need to go on, ret:0
debug/plog/plog-12786_20260811222319086.log-75553-[INFO] HCCL(12786,python3):2026-08-11-22:23:46.706.482 [hcomm_c_adpt.cc:429] [13041][HcommMemImport] START. endpointHandle[0x2f4aa740].
debug/plog/plog-12786_20260811222319086.log-75554-[INFO] HCCL(12786,python3):2026-08-11-22:23:46.706.494 [urma_mem.cc:128] [13041][MemoryImport] Begin
--
debug/plog/plog-12786_20260811222319086.log-76808-[DEBUG] HCCL(12786,python3):2026-08-11-22:25:52.380.374 [ccu_context_mgr_imp.cpp:33][12786]~CcuResPack
debug/plog/plog-12786_20260811222319086.log-76809-[WARNING] HCCL(12786,python3):2026-08-11-22:25:52.380.475 [host_socket_handle_manager.cc:106][12786][HostSocketHandleManager::DestroyAll] release is not as expected, devicePhyId[5] hostIp[::3f:500:10:0:df08:eb01] ref[1]
debug/plog/plog-12786_20260811222319086.log-76810-[INFO] HCCL(12786,python3):2026-08-11-22:25:52.380.477 [orion_adapter_hccp.cc:703][12786][HrtRaSocketDeInit] Input params: socketHandle=0xfffd00008b20
debug/plog/plog-12786_20260811222319086.log-76811-[INFO] HCCP(12786,python3):2026-08-11-22:25:52.380.484 [rs.c:1660]tid:12786,RsSocketDeinit : rs socket deinit start, phyId:5
debug/plog/plog-12786_20260811222319086.log-76812-[WARNING] HCCP(12786,python3):2026-08-11-22:25:52.380.490 [rs.c:1497]tid:12786,RsFreeDesignatedServerConnNode : Server conn node for IP[::3f:500:10:0:df08:eb01] do not empty!
debug/plog/plog-12786_20260811222319086.log-76813-[INFO] HCCP(12786,python3):2026-08-11-22:25:52.380.525 [rs.c:1422]tid:12786,RsFreeConnOneNode : free for conn IP:::3f:300:10:0:df07:ac01, port:60001, connfd:119, state:8
debug/plog/plog-12786_20260811222319086.log:76814:[INFO] HCCP(12786,python3):2026-08-11-22:25:52.380.529 [rs.c:1582]tid:12786,RsWhiteListNodeFree : free White list client IP:::3f:300:10:0:df07:ac01, tag:AUTOMATIC_SOCKET_TAG_::3f:500:10:0:df08:eb01_::3f:300:10:0:df07:ac01_60001
debug/plog/plog-12786_20260811222319086.log:76815:[INFO] HCCP(12786,python3):2026-08-11-22:25:52.380.531 [rs.c:1597]tid:12786,RsFreeWhiteOneNode : White list server IP:::3f:500:10:0:df08:eb01
debug/plog/plog-12786_20260811222319086.log-76816-[INFO] HCCL(12786,python3):2026-08-11-22:25:52.380.552 [rdma_handle_manager.cc:303][12786][RdmaHandleManager::DestroyAll] destroy all
debug/plog/plog-12786_20260811222319086.log-76817-[INFO] HCCL(12786,python3):2026-08-11-22:25:52.380.556 [orion_adapter_hccp.cc:1421][12786][HrtRaUbDestroyJfc] Input params: handle=0x2fa80740, jfcHandle=0xfffd0000a0a0
debug/plog/plog-12786_20260811222319086.log-76818-[INFO] HCCP(12786,python3):2026-08-11-22:25:52.380.562 [rs_ub.c:535]tid:12786,RsUbCtxJfcDestroy : [deinit][rs_jfc]destroy addr:0xfffd0000a110
debug/plog/plog-12786_20260811222319086.log-76819-[INFO] HCCP(12786,python3):2026-08-11-22:25:52.381.435 [rs_ub.c:519]tid:12786,RsUbFreeJfcCb : [deinit][rs_jfc]destroy success, dev jfcCnt:0
debug/plog/plog-12786_20260811222319086.log-76820-[INFO] HCCL(12786,python3):2026-08-11-22:25:52.381.452 [tokenInfo_manager.cc:64][12786][TokenInfoManager::Destroy] rdmahandle[0x2fa80740]
debug/plog/plog-12786_20260811222319086.log-76821-[INFO] HCCL(12786,python3):2026-08-11-22:25:52.381.457 [orion_adapter_hccp.cc:1261][12786][RaUbFreeTokenIdHandle] rdmaHandle[0x2fa80740], tokenIdHandle[0xfffd0000a7b0].
--
debug/plog/plog-12900_20260811222329940.log-71526-[DEBUG] GE(12900,python3):2026-08-11-22:23:42.835.439 [operator_factory_impl.cc:254]12900 RegisterInferShapeFunc:Register infer func for type: DepthwiseConv2D.
debug/plog/plog-12900_20260811222329940.log-71527-[DEBUG] GE(12900,python3):2026-08-11-22:23:42.835.441 [operator_factory_impl.cc:254]12900 RegisterInferShapeFunc:Register infer func for type: DepthwiseConv2DBackpropInputD.
debug/plog/plog-12900_20260811222329940.log-71528-[DEBUG] GE(12900,python3):2026-08-11-22:23:42.835.444 [operator_factory_impl.cc:254]12900 RegisterInferShapeFunc:Register infer func for type: DepthwiseConv2DBackpropInput.
debug/plog/plog-12900_20260811222329940.log-71529-[DEBUG] GE(12900,python3):2026-08-11-22:23:42.835.446 [operator_factory_impl.cc:254]12900 RegisterInferShapeFunc:Register infer func for type: DepthwiseConv2DBackpropFilterD.
debug/plog/plog-12900_20260811222329940.log-71530-[DEBUG] GE(12900,python3):2026-08-11-22:23:42.835.449 [operator_factory_impl.cc:254]12900 RegisterInferShapeFunc:Register infer func for type: DepthwiseConv2DBackpropFilter.
debug/plog/plog-12900_20260811222329940.log-71531-[DEBUG] GE(12900,python3):2026-08-11-22:23:42.835.451 [operator_factory_impl.cc:254]12900 RegisterInferShapeFunc:Register infer func for type: BiasAddGrad.
debug/plog/plog-12900_20260811222329940.log:71532:[INFO] GE(12900,python3):2026-08-11-22:23:42.835.454 [operator_factory_impl.cc:369]12900 RegisterInferAxisSliceFunc:axis slice derivation funcs init
debug/plog/plog-12900_20260811222329940.log-71533-[DEBUG] GE(12900,python3):2026-08-11-22:23:42.835.457 [operator_factory_impl.cc:254]12900 RegisterInferShapeFunc:Register infer func for type: Conv2DBackpropInput.
debug/plog/plog-12900_20260811222329940.log-71534-[DEBUG] GE(12900,python3):2026-08-11-22:23:42.835.461 [operator_factory_impl.cc:254]12900 RegisterInferShapeFunc:Register infer func for type: Conv2DBackpropInputD.
debug/plog/plog-12900_20260811222329940.log-71535-[DEBUG] GE(12900,python3):2026-08-11-22:23:42.835.464 [operator_factory_impl.cc:254]12900 RegisterInferShapeFunc:Register infer func for type: Conv2DBackpropFilter.
debug/plog/plog-12900_20260811222329940.log-71536-[DEBUG] GE(12900,python3):2026-08-11-22:23:42.835.467 [operator_factory_impl.cc:254]12900 RegisterInferShapeFunc:Register infer func for type: Conv2DBackpropFilterD.
debug/plog/plog-12900_20260811222329940.log-71537-[DEBUG] GE(12900,python3):2026-08-11-22:23:42.835.475 [operator_factory_impl.cc:254]12900 RegisterInferShapeFunc:Register infer func for type: Conv2D.
debug/plog/plog-12900_20260811222329940.log-71538-[DEBUG] GE(12900,python3):2026-08-11-22:23:42.835.478 [operator_factory_impl.cc:254]12900 RegisterInferShapeFunc:Register infer func for type: Conv2DCompress.
--
debug/plog/plog-12900_20260811222329940.log-76309-[INFO] ASCENDCL(12900,python3):2026-08-11-22:23:46.555.626 [context.cpp:70]13073 aclrtSetCurrentContextImpl: successfully execute aclrtSetCurrentContext
debug/plog/plog-12900_20260811222329940.log-76310-[INFO] HCCL(12900,python3):2026-08-11-22:23:46.555.627 [adapter_rts.cc:359] [13073][hrtCtxSetCurrent] success
debug/plog/plog-12900_20260811222329940.log-76311-[INFO] HCCL(12900,python3):2026-08-11-22:23:46.555.629 [stream.cc:208] [13073]Restore Ctx ret[0], setCtx[0x1ee15110], stream id[22]
debug/plog/plog-12900_20260811222329940.log-76312-[INFO] HCCL(12900,python3):2026-08-11-22:23:46.555.633 [thread.cc:247] [13073]FillThreadD2HMap deviceId[0], deviceThreadHandle[0x3ffe0001de0], hostThreadHandle[0xfffd20001e40]
debug/plog/plog-12900_20260811222329940.log-76313-[INFO] HCCL(12900,python3):2026-08-11-22:23:46.555.647 [thread.cc:278] [13073][StoreThreadHandles] AICPU engine[AICPU_TS] threadArray[0] = [4397509647840]
debug/plog/plog-12900_20260811222329940.log-76314-[INFO] HCCL(12900,python3):2026-08-11-22:23:46.555.650 [hcomm_c_adpt.cc:625] [13073][HcommThreadAlloc] ThreadAcquire done: engine[AICPU_TS] threadNum[1], notifyPerThread[0]
debug/plog/plog-12900_20260811222329940.log:76315:[INFO] HCCL(12900,python3):2026-08-11-22:23:46.555.685 [hcomm_c_adpt.cc:516] [13073][HcommChannelCreate] START. endpointHandle[0x2f9fcc30], engine[AICPU], channelNum[1].
debug/plog/plog-12900_20260811222329940.log-76316-[INFO] ASCENDCL(12900,python3):2026-08-11-22:23:46.555.691 [device.cpp:128]13073 aclrtGetDeviceImpl: start to execute aclrtGetDevice
debug/plog/plog-12900_20260811222329940.log-76317-[DEBUG] ASCENDCL(12900,python3):2026-08-11-22:23:46.555.693 [device.cpp:135]13073 aclrtGetDeviceImpl: successfully execute aclrtGetDevice, get device id is 0.
debug/plog/plog-12900_20260811222329940.log-76318-[INFO] HCCL(12900,python3):2026-08-11-22:23:46.555.696 [adapter_rts.cc:234] [13073][hrtGetDeviceRefresh]deviceLogicId[0]
debug/plog/plog-12900_20260811222329940.log-76319-[INFO] ASCENDCL(12900,python3):2026-08-11-22:23:46.555.700 [device.cpp:511]13073 aclrtGetPhyDevIdByLogicDevIdImpl: start to execute aclrtGetPhyDevIdByLogicDevId, logicDevId is [0]
debug/plog/plog-12900_20260811222329940.log-76320-[INFO] RUNTIME(12900,python3):2026-08-11-22:23:46.555.704 [runtime.cc:4311] 13073 ChgUserDevIdToDeviceId: devId=0, drv devId=5, isDeviceSetResetOp=0
debug/plog/plog-12900_20260811222329940.log-76321-[INFO] RUNTIME(12900,python3):2026-08-11-22:23:46.555.707 [api_impl.cc:3294] 13073 GetDevicePhyIdByIndex: get PhyId by Index=5.
--
debug/plog/plog-12900_20260811222329940.log-76335-[INFO] HCCL(12900,python3):2026-08-11-22:23:46.555.772 [aicpu_ts_urma_channel.cc:223] [13073][AicpuTsUrmaChannel::BuildSocket] channelDesc port is 0, use default port [60001]
debug/plog/plog-12900_20260811222329940.log-76336-[INFO] HCCL(12900,python3):2026-08-11-22:23:46.555.777 [orion_adpt_utils.cc:151] [13073][IpAddress] 0000:0000:003f:0500:0010:0000:df08:eb01
debug/plog/plog-12900_20260811222329940.log-76337-[INFO] HCCL(12900,python3):2026-08-11-22:23:46.555.805 [aicpu_ts_urma_channel.cc:227] [13073][AicpuTsUrmaChannel][BuildSocket] built linkData: LinkData:type=PortDeploymentType::DEV_NET, protocol=LinkProtocol::UB_CTP, localRankId=5, localAddr=IpAddress[0000:0000:003f:0300:0010:0000:df07:ac01, AF=IPv6, addr=::3f:300:10:0:df07:ac01, scopeId=0x0], remoteRankId=0, remoteAddr=IpAddress[0000:0000:003f:0500:0010:0000:df08:eb01, AF=IPv6, addr=::3f:500:10:0:df08:eb01, scopeId=0x0], reuseIdx=0
debug/plog/plog-12900_20260811222329940.log-76338-[INFO] HCCL(12900,python3):2026-08-11-22:23:46.555.834 [orion_adapter_hccp.cc:687][13073][HrtRaSocketInit] Input params: mode=1, ip=0, device id=5, family=10
debug/plog/plog-12900_20260811222329940.log-76339-[INFO] HCCL(12900,python3):2026-08-11-22:23:46.555.842 [orion_adapter_hccp.cc:696][13073]socket init success, ip[0], device id[5], ret[0]
debug/plog/plog-12900_20260811222329940.log-76340-[INFO] HCCL(12900,python3):2026-08-11-22:23:46.555.849 [socket_mgr.cc:107] [13073][SocketMgr][GetSocketHandle] socketHandle[0xfffd20014310] devicePhyId[5] localPort[PortData[rankId=5, type=PortDeploymentType::DEV_NET, id=0, addr=IpAddress[0000:0000:003f:0300:0010:0000:df07:ac01, AF=IPv6, addr=::3f:300:10:0:df07:ac01, scopeId=0x0]]]
debug/plog/plog-12900_20260811222329940.log:76341:[INFO] HCCL(12900,python3):2026-08-11-22:23:46.555.856 [orion_adapter_hccp.cc:740][13073][HrtRaSocketWhiteListAdd] Input params: socketHandle=0xfffd20014310
debug/plog/plog-12900_20260811222329940.log:76342:[INFO] HCCL(12900,python3):2026-08-11-22:23:46.555.860 [orion_adapter_hccp.cc:759][13073]add whitelistInfo tag=[AUTOMATIC_SOCKET_TAG_::3f:500:10:0:df08:eb01_::3f:300:10:0:df07:ac01_60001], remoteIp[IpAddress[0000:0000:003f:0500:0010:0000:df08:eb01, AF=IPv6, addr=::3f:500:10:0:df08:eb01, scopeId=0x0]]
debug/plog/plog-12900_20260811222329940.log:76343:[INFO] HCCP(12900,python3):2026-08-11-22:23:46.555.863 [ra_host.c:1599]tid:13073,RaSocketWhiteListAdd : Input parameters: phyId[5], localIp[::3f:300:10:0:df07:ac01], num[1]
debug/plog/plog-12900_20260811222329940.log:76344:[INFO] HCCL(12900,python3):2026-08-11-22:23:46.556.464 [orion_adapter_hccp.cc:768][13073]add white list: num[1], remain [0].
debug/plog/plog-12900_20260811222329940.log:76345:[INFO] HCCL(12900,python3):2026-08-11-22:23:46.556.470 [orion_adapter_hccp.cc:774][13073][HrtRaSocketWhiteListAdd] Success. Total add num [1]
debug/plog/plog-12900_20260811222329940.log:76346:[INFO] HCCL(12900,python3):2026-08-11-22:23:46.556.491 [socket_mgr.cc:133] [13073][SocketMgr][CreateSocket] client_socket_info[Socket[role=SocketRole::CLIENT, localIp=IpAddress[0000:0000:003f:0300:0010:0000:df07:ac01, AF=IPv6, addr=::3f:300:10:0:df07:ac01, scopeId=0x0], listenPort=60001, remoteIp=IpAddress[0000:0000:003f:0500:0010:0000:df08:eb01, AF=IPv6, addr=::3f:500:10:0:df08:eb01, scopeId=0x0], tag=AUTOMATIC_SOCKET_TAG_::3f:500:10:0:df08:eb01_::3f:300:10:0:df07:ac01_60001, nicType=NicType::DEVICE_NIC_TYPE]]
debug/plog/plog-12900_20260811222329940.log:76347:[INFO] HCCL(12900,python3):2026-08-11-22:23:46.556.499 [orion_adapter_hccp.cc:1972][13073][RaSocketConnectOneAsync] Input params: socketHandle=0xfffd20014310, remoteIp=IpAddress[0000:0000:003f:0500:0010:0000:df08:eb01, AF=IPv6, addr=::3f:500:10:0:df08:eb01, scopeId=0x0], port=60001, tag=AUTOMATIC_SOCKET_TAG_::3f:500:10:0:df08:eb01_::3f:300:10:0:df07:ac01_60001
debug/plog/plog-12900_20260811222329940.log:76348:[INFO] HCCL(12900,python3):2026-08-11-22:23:46.556.503 [orion_adapter_hccp.cc:1985][13073]Socket Connect tag=[AUTOMATIC_SOCKET_TAG_::3f:500:10:0:df08:eb01_::3f:300:10:0:df07:ac01_60001], remoteIp[IpAddress[0000:0000:003f:0500:0010:0000:df08:eb01, AF=IPv6, addr=::3f:500:10:0:df08:eb01, scopeId=0x0]]
debug/plog/plog-12900_20260811222329940.log-76349-[INFO] HCCL(12900,python3):2026-08-11-22:23:46.556.655 [socket.cc:434][13073][Socket][ConnectAsync] conn.tag AUTOMATIC_SOCKET_TAG_::3f:500:10:0:df08:eb01_::3f:300:10:0:df07:ac01_60001
debug/plog/plog-12900_20260811222329940.log-76350-[INFO] HCCL(12900,python3):2026-08-11-22:23:46.556.667 [orion_adpt_utils.cc:151] [13073][IpAddress] 0000:0000:003f:0500:0010:0000:df08:eb01
debug/plog/plog-12900_20260811222329940.log-76351-[INFO] ASCENDCL(12900,python3):2026-08-11-22:23:46.556.674 [acl_rt_impl_base.cpp:206]13073 aclrtGetSocNameImpl: start to execute aclrtGetSocName.
debug/plog/plog-12900_20260811222329940.log-76352-[INFO] ASCENDCL(12900,python3):2026-08-11-22:23:46.556.677 [acl_rt_impl_base.cpp:135]13073 InitSocVersion: get SocVersion success, SocVersion = Ascend950DT_9582
debug/plog/plog-12900_20260811222329940.log-76353-[INFO] ASCENDCL(12900,python3):2026-08-11-22:23:46.556.678 [acl_rt_impl_base.cpp:213]13073 aclrtGetSocNameImpl: execute aclrtGetSocName successfully
debug/plog/plog-12900_20260811222329940.log-76354-[INFO] HCCL(12900,python3):2026-08-11-22:23:46.556.682 [orion_adapter_rts.cc:56][13073][HrtGetDeviceType]targetChipVerStr = Ascend950DT_9582.
--
debug/plog/plog-12900_20260811222329940.log-76440-[DEBUG] HCCL(12900,python3):2026-08-11-22:23:46.560.792 [adapter_rts.cc:2300] [13073]Call aclrtMemset, return value[0]
debug/plog/plog-12900_20260811222329940.log-76441-[DEBUG] HCCL(12900,python3):2026-08-11-22:23:46.560.794 [adapter_rts.cc:2540] [13073]Call aclmdlRICaptureThreadExchangeMode mode after: 0
debug/plog/plog-12900_20260811222329940.log-76442-[INFO] ASCENDCL(12900,python3):2026-08-11-22:23:46.560.796 [model_ri.cpp:138]13073 aclmdlRICaptureThreadExchangeModeImpl: start to execute aclmdlRICaptureThreadExchangeMode, input mode is 0
debug/plog/plog-12900_20260811222329940.log-76443-[INFO] ASCENDCL(12900,python3):2026-08-11-22:23:46.560.798 [model_ri.cpp:144]13073 aclmdlRICaptureThreadExchangeModeImpl: successfully execute aclmdlRICaptureThreadExchangeMode, output mode is 2
debug/plog/plog-12900_20260811222329940.log-76444-[DEBUG] HCCL(12900,python3):2026-08-11-22:23:46.560.800 [adapter_rts.cc:2542] [13073]Call aclmdlRICaptureThreadExchangeMode mode before: 2, ret: 0
debug/plog/plog-12900_20260811222329940.log-76445-[INFO] HCCL(12900,python3):2026-08-11-22:23:46.560.803 [channel_process.cc:360] [13073]FillChannelD2HMap deviceId[0], deviceChannelHandle[0x12000001c000], hostChannelHandle[0xfffd20154a80]
debug/plog/plog-12900_20260811222329940.log:76446:[INFO] HCCL(12900,python3):2026-08-11-22:23:46.561.339 [socket.cc:408][13073][Socket][GetOneSocket] socket is connecting, [Socket[role=SocketRole::CLIENT, localIp=IpAddress[0000:0000:003f:0300:0010:0000:df07:ac01, AF=IPv6, addr=::3f:300:10:0:df07:ac01, scopeId=0x0], listenPort=60001, remoteIp=IpAddress[0000:0000:003f:0500:0010:0000:df08:eb01, AF=IPv6, addr=::3f:500:10:0:df08:eb01, scopeId=0x0], tag=AUTOMATIC_SOCKET_TAG_::3f:500:10:0:df08:eb01_::3f:300:10:0:df07:ac01_60001, nicType=NicType::DEVICE_NIC_TYPE]]
debug/plog/plog-12900_20260811222329940.log-76447-[DEBUG] HCCL(12900,python3):2026-08-11-22:23:46.562.398 [channel_process.cc:234] [13073][GetChannelsInfo] SUCCESS.
debug/plog/plog-12900_20260811222329940.log-76448-[DEBUG] HCCL(12900,python3):2026-08-11-22:23:46.564.674 [channel_process.cc:234] [13073][GetChannelsInfo] SUCCESS.
debug/plog/plog-12900_20260811222329940.log-76449-[DEBUG] HCCL(12900,python3):2026-08-11-22:23:46.566.165 [channel_process.cc:234] [13073][GetChannelsInfo] SUCCESS.
debug/plog/plog-12900_20260811222329940.log-76450-[DEBUG] HCCL(12900,python3):2026-08-11-22:23:46.567.243 [ub_mem_transport.cc:590][13073]Starting to recv Finish message size[4] bytes, isHost_[0]
debug/plog/plog-12900_20260811222329940.log-76451-[INFO] HCCL(12900,python3):2026-08-11-22:23:46.567.249 [orion_adapter_hccp.cc:2112][13073][HrtRaSocketRecvAsync] Input params: fdHandle=0xfffd2001a1f0, data=0xfffd20155040, size=4, recvSize=0
debug/plog/plog-12900_20260811222329940.log:76452:[INFO] HCCL(12900,python3):2026-08-11-22:23:46.567.370 [socket.cc:507][13073][Socket][RecvAsync] reqHandle[281462630077552] start to recv size[4], [Socket[role=SocketRole::CLIENT, localIp=IpAddress[0000:0000:003f:0300:0010:0000:df07:ac01, AF=IPv6, addr=::3f:300:10:0:df07:ac01, scopeId=0x0], listenPort=60001, remoteIp=IpAddress[0000:0000:003f:0500:0010:0000:df08:eb01, AF=IPv6, addr=::3f:500:10:0:df08:eb01, scopeId=0x0], tag=AUTOMATIC_SOCKET_TAG_::3f:500:10:0:df08:eb01_::3f:300:10:0:df07:ac01_60001, nicType=NicType::DEVICE_NIC_TYPE]].
debug/plog/plog-12900_20260811222329940.log-76453-[INFO] HCCL(12900,python3):2026-08-11-22:23:46.567.373 [ub_mem_transport.cc:602][13073][UbMemTransport::RecvDataSize] Receive size[0] of data success. [4] bytes received.
debug/plog/plog-12900_20260811222329940.log-76454-[DEBUG] HCCL(12900,python3):2026-08-11-22:23:46.567.375 [channel_process.cc:234] [13073][GetChannelsInfo] SUCCESS.
debug/plog/plog-12900_20260811222329940.log-76455-[WARNING] HCCL(12900,python3):2026-08-11-22:23:46.568.444 [socket.cc:183][13073][Socket][HandleSocketEAgain] reqhandle[281462630077552] get request result [SOCK_EAGAIN], sleep 1ms and retry.
debug/plog/plog-12900_20260811222329940.log-76456-[INFO] HCCL(12900,python3):2026-08-11-22:23:46.569.503 [orion_adapter_hccp.cc:2112][13073][HrtRaSocketRecvAsync] Input params: fdHandle=0xfffd2001a1f0, data=0xfffd20155040, size=4, recvSize=0
debug/plog/plog-12900_20260811222329940.log:76457:[INFO] HCCL(12900,python3):2026-08-11-22:23:46.569.893 [socket.cc:337][13073][Socket][CheckRecvRequestResult] reqHandle[281462628768816] need to retry recv, start to recv left size[4], [Socket[role=SocketRole::CLIENT, localIp=IpAddress[0000:0000:003f:0300:0010:0000:df07:ac01, AF=IPv6, addr=::3f:300:10:0:df07:ac01, scopeId=0x0], listenPort=60001, remoteIp=IpAddress[0000:0000:003f:0500:0010:0000:df08:eb01, AF=IPv6, addr=::3f:500:10:0:df08:eb01, scopeId=0x0], tag=AUTOMATIC_SOCKET_TAG_::3f:500:10:0:df08:eb01_::3f:300:10:0:df07:ac01_60001, nicType=NicType::DEVICE_NIC_TYPE]].
debug/plog/plog-12900_20260811222329940.log-76458-[DEBUG] HCCL(12900,python3):2026-08-11-22:23:46.570.957 [channel_process.cc:234] [13073][GetChannelsInfo] SUCCESS.
debug/plog/plog-12900_20260811222329940.log-76459-[INFO] HCCL(12900,python3):2026-08-11-22:23:46.573.093 [orion_adapter_hccp.cc:2112][13073][HrtRaSocketRecvAsync] Input params: fdHandle=0xfffd2001a1f0, data=0xfffd20155040, size=4, recvSize=0
debug/plog/plog-12900_20260811222329940.log-76460-[DEBUG] HCCL(12900,python3):2026-08-11-22:23:46.574.555 [channel_process.cc:234] [13073][GetChannelsInfo] SUCCESS.
debug/plog/plog-12900_20260811222329940.log-76461-[INFO] HCCL(12900,python3):2026-08-11-22:23:46.577.100 [orion_adapter_hccp.cc:2112][13073][HrtRaSocketRecvAsync] Input params: fdHandle=0xfffd2001a1f0, data=0xfffd20155040, size=4, recvSize=0
debug/plog/plog-12900_20260811222329940.log-76462-[DEBUG] HCCL(12900,python3):2026-08-11-22:23:46.578.539 [channel_process.cc:234] [13073][GetChannelsInfo] SUCCESS.
debug/plog/plog-12900_20260811222329940.log-76463-[INFO] HCCL(12900,python3):2026-08-11-22:23:46.581.080 [orion_adapter_hccp.cc:2112][13073][HrtRaSocketRecvAsync] Input params: fdHandle=0xfffd2001a1f0, data=0xfffd20155040, size=4, recvSize=0
--
debug/plog/plog-12900_20260811222329940.log-93587-[INFO] HCCL(12900,python3):2026-08-11-22:24:16.565.732 [orion_adapter_hccp.cc:2112][13073][HrtRaSocketRecvAsync] Input params: fdHandle=0xfffd2001a1f0, data=0xfffd20155040, size=4, recvSize=0
debug/plog/plog-12900_20260811222329940.log-93588-[DEBUG] HCCL(12900,python3):2026-08-11-22:24:16.566.809 [channel_process.cc:234] [13073][GetChannelsInfo] SUCCESS.
debug/plog/plog-12900_20260811222329940.log-93589-[INFO] HCCL(12900,python3):2026-08-11-22:24:16.569.052 [orion_adapter_hccp.cc:2112][13073][HrtRaSocketRecvAsync] Input params: fdHandle=0xfffd2001a1f0, data=0xfffd20155040, size=4, recvSize=0
debug/plog/plog-12900_20260811222329940.log-93590-[DEBUG] HCCL(12900,python3):2026-08-11-22:24:16.570.253 [channel_process.cc:234] [13073][GetChannelsInfo] SUCCESS.
debug/plog/plog-12900_20260811222329940.log-93591-[WARNING] HCCL(12900,python3):2026-08-11-22:24:16.571.321 [socket.cc:183][13073][Socket][HandleSocketEAgain] reqhandle[281462628765616] get request result [SOCK_EAGAIN], sleep 1ms and retry.
debug/plog/plog-12900_20260811222329940.log-93592-[INFO] HCCL(12900,python3):2026-08-11-22:24:16.572.379 [orion_adapter_hccp.cc:2112][13073][HrtRaSocketRecvAsync] Input params: fdHandle=0xfffd2001a1f0, data=0xfffd20155040, size=4, recvSize=0
debug/plog/plog-12900_20260811222329940.log:93593:[INFO] HCCL(12900,python3):2026-08-11-22:24:16.572.449 [socket.cc:337][13073][Socket][CheckRecvRequestResult] reqHandle[281462628765616] need to retry recv, start to recv left size[4], [Socket[role=SocketRole::CLIENT, localIp=IpAddress[0000:0000:003f:0300:0010:0000:df07:ac01, AF=IPv6, addr=::3f:300:10:0:df07:ac01, scopeId=0x0], listenPort=60001, remoteIp=IpAddress[0000:0000:003f:0500:0010:0000:df08:eb01, AF=IPv6, addr=::3f:500:10:0:df08:eb01, scopeId=0x0], tag=AUTOMATIC_SOCKET_TAG_::3f:500:10:0:df08:eb01_::3f:300:10:0:df07:ac01_60001, nicType=NicType::DEVICE_NIC_TYPE]].
debug/plog/plog-12900_20260811222329940.log-93594-[DEBUG] HCCL(12900,python3):2026-08-11-22:24:16.573.505 [channel_process.cc:234] [13073][GetChannelsInfo] SUCCESS.
debug/plog/plog-12900_20260811222329940.log-93595-[INFO] HCCL(12900,python3):2026-08-11-22:24:16.575.741 [orion_adapter_hccp.cc:2112][13073][HrtRaSocketRecvAsync] Input params: fdHandle=0xfffd2001a1f0, data=0xfffd20155040, size=4, recvSize=0
debug/plog/plog-12900_20260811222329940.log-93596-[DEBUG] HCCL(12900,python3):2026-08-11-22:24:16.576.836 [channel_process.cc:234] [13073][GetChannelsInfo] SUCCESS.
debug/plog/plog-12900_20260811222329940.log-93597-[INFO] HCCL(12900,python3):2026-08-11-22:24:16.579.078 [orion_adapter_hccp.cc:2112][13073][HrtRaSocketRecvAsync] Input params: fdHandle=0xfffd2001a1f0, data=0xfffd20155040, size=4, recvSize=0
debug/plog/plog-12900_20260811222329940.log-93598-[DEBUG] HCCL(12900,python3):2026-08-11-22:24:16.580.249 [channel_process.cc:234] [13073][GetChannelsInfo] SUCCESS.
debug/plog/plog-12900_20260811222329940.log-93599-[INFO] HCCL(12900,python3):2026-08-11-22:24:16.582.573 [orion_adapter_hccp.cc:2112][13073][HrtRaSocketRecvAsync] Input params: fdHandle=0xfffd2001a1f0, data=0xfffd20155040, size=4, recvSize=0
--
debug/plog/plog-12900_20260811222329940.log-110848-[INFO] HCCL(12900,python3):2026-08-11-22:24:46.568.168 [orion_adapter_hccp.cc:2112][13073][HrtRaSocketRecvAsync] Input params: fdHandle=0xfffd2001a1f0, data=0xfffd20155040, size=4, recvSize=0
debug/plog/plog-12900_20260811222329940.log-110849-[DEBUG] HCCL(12900,python3):2026-08-11-22:24:46.569.255 [channel_process.cc:234] [13073][GetChannelsInfo] SUCCESS.
debug/plog/plog-12900_20260811222329940.log-110850-[INFO] HCCL(12900,python3):2026-08-11-22:24:46.571.568 [orion_adapter_hccp.cc:2112][13073][HrtRaSocketRecvAsync] Input params: fdHandle=0xfffd2001a1f0, data=0xfffd20155040, size=4, recvSize=0
debug/plog/plog-12900_20260811222329940.log-110851-[DEBUG] HCCL(12900,python3):2026-08-11-22:24:46.572.851 [channel_process.cc:234] [13073][GetChannelsInfo] SUCCESS.
debug/plog/plog-12900_20260811222329940.log-110852-[WARNING] HCCL(12900,python3):2026-08-11-22:24:46.573.935 [socket.cc:183][13073][Socket][HandleSocketEAgain] reqhandle[281462628765616] get request result [SOCK_EAGAIN], sleep 1ms and retry.
debug/plog/plog-12900_20260811222329940.log-110853-[INFO] HCCL(12900,python3):2026-08-11-22:24:46.574.995 [orion_adapter_hccp.cc:2112][13073][HrtRaSocketRecvAsync] Input params: fdHandle=0xfffd2001a1f0, data=0xfffd20155040, size=4, recvSize=0
debug/plog/plog-12900_20260811222329940.log:110854:[INFO] HCCL(12900,python3):2026-08-11-22:24:46.575.058 [socket.cc:337][13073][Socket][CheckRecvRequestResult] reqHandle[281462628765616] need to retry recv, start to recv left size[4], [Socket[role=SocketRole::CLIENT, localIp=IpAddress[0000:0000:003f:0300:0010:0000:df07:ac01, AF=IPv6, addr=::3f:300:10:0:df07:ac01, scopeId=0x0], listenPort=60001, remoteIp=IpAddress[0000:0000:003f:0500:0010:0000:df08:eb01, AF=IPv6, addr=::3f:500:10:0:df08:eb01, scopeId=0x0], tag=AUTOMATIC_SOCKET_TAG_::3f:500:10:0:df08:eb01_::3f:300:10:0:df07:ac01_60001, nicType=NicType::DEVICE_NIC_TYPE]].
debug/plog/plog-12900_20260811222329940.log-110855-[DEBUG] HCCL(12900,python3):2026-08-11-22:24:46.576.121 [channel_process.cc:234] [13073][GetChannelsInfo] SUCCESS.
debug/plog/plog-12900_20260811222329940.log-110856-[INFO] HCCL(12900,python3):2026-08-11-22:24:46.578.442 [orion_adapter_hccp.cc:2112][13073][HrtRaSocketRecvAsync] Input params: fdHandle=0xfffd2001a1f0, data=0xfffd20155040, size=4, recvSize=0
debug/plog/plog-12900_20260811222329940.log-110857-[DEBUG] HCCL(12900,python3):2026-08-11-22:24:46.579.724 [channel_process.cc:234] [13073][GetChannelsInfo] SUCCESS.
debug/plog/plog-12900_20260811222329940.log-110858-[INFO] HCCL(12900,python3):2026-08-11-22:24:46.582.031 [orion_adapter_hccp.cc:2112][13073][HrtRaSocketRecvAsync] Input params: fdHandle=0xfffd2001a1f0, data=0xfffd20155040, size=4, recvSize=0
debug/plog/plog-12900_20260811222329940.log-110859-[DEBUG] HCCL(12900,python3):2026-08-11-22:24:46.583.275 [channel_process.cc:234] [13073][GetChannelsInfo] SUCCESS.
debug/plog/plog-12900_20260811222329940.log-110860-[INFO] HCCL(12900,python3):2026-08-11-22:24:46.585.412 [orion_adapter_hccp.cc:2112][13073][HrtRaSocketRecvAsync] Input params: fdHandle=0xfffd2001a1f0, data=0xfffd20155040, size=4, recvSize=0
--
debug/plog/plog-12900_20260811222329940.log-128244-[INFO] HCCL(12900,python3):2026-08-11-22:25:16.570.281 [orion_adapter_hccp.cc:2112][13073][HrtRaSocketRecvAsync] Input params: fdHandle=0xfffd2001a1f0, data=0xfffd20155040, size=4, recvSize=0
debug/plog/plog-12900_20260811222329940.log-128245-[DEBUG] HCCL(12900,python3):2026-08-11-22:25:16.571.556 [channel_process.cc:234] [13073][GetChannelsInfo] SUCCESS.
debug/plog/plog-12900_20260811222329940.log-128246-[INFO] HCCL(12900,python3):2026-08-11-22:25:16.573.853 [orion_adapter_hccp.cc:2112][13073][HrtRaSocketRecvAsync] Input params: fdHandle=0xfffd2001a1f0, data=0xfffd20155040, size=4, recvSize=0
debug/plog/plog-12900_20260811222329940.log-128247-[DEBUG] HCCL(12900,python3):2026-08-11-22:25:16.574.944 [channel_process.cc:234] [13073][GetChannelsInfo] SUCCESS.
debug/plog/plog-12900_20260811222329940.log-128248-[WARNING] HCCL(12900,python3):2026-08-11-22:25:16.576.026 [socket.cc:183][13073][Socket][HandleSocketEAgain] reqhandle[281462628765616] get request result [SOCK_EAGAIN], sleep 1ms and retry.
debug/plog/plog-12900_20260811222329940.log-128249-[INFO] HCCL(12900,python3):2026-08-11-22:25:16.577.094 [orion_adapter_hccp.cc:2112][13073][HrtRaSocketRecvAsync] Input params: fdHandle=0xfffd2001a1f0, data=0xfffd20155040, size=4, recvSize=0
debug/plog/plog-12900_20260811222329940.log:128250:[INFO] HCCL(12900,python3):2026-08-11-22:25:16.577.160 [socket.cc:337][13073][Socket][CheckRecvRequestResult] reqHandle[281462628765616] need to retry recv, start to recv left size[4], [Socket[role=SocketRole::CLIENT, localIp=IpAddress[0000:0000:003f:0300:0010:0000:df07:ac01, AF=IPv6, addr=::3f:300:10:0:df07:ac01, scopeId=0x0], listenPort=60001, remoteIp=IpAddress[0000:0000:003f:0500:0010:0000:df08:eb01, AF=IPv6, addr=::3f:500:10:0:df08:eb01, scopeId=0x0], tag=AUTOMATIC_SOCKET_TAG_::3f:500:10:0:df08:eb01_::3f:300:10:0:df07:ac01_60001, nicType=NicType::DEVICE_NIC_TYPE]].
debug/plog/plog-12900_20260811222329940.log-128251-[DEBUG] HCCL(12900,python3):2026-08-11-22:25:16.578.397 [channel_process.cc:234] [13073][GetChannelsInfo] SUCCESS.
debug/plog/plog-12900_20260811222329940.log-128252-[INFO] HCCL(12900,python3):2026-08-11-22:25:16.580.707 [orion_adapter_hccp.cc:2112][13073][HrtRaSocketRecvAsync] Input params: fdHandle=0xfffd2001a1f0, data=0xfffd20155040, size=4, recvSize=0
debug/plog/plog-12900_20260811222329940.log-128253-[DEBUG] HCCL(12900,python3):2026-08-11-22:25:16.581.963 [channel_process.cc:234] [13073][GetChannelsInfo] SUCCESS.
debug/plog/plog-12900_20260811222329940.log-128254-[INFO] HCCL(12900,python3):2026-08-11-22:25:16.584.093 [orion_adapter_hccp.cc:2112][13073][HrtRaSocketRecvAsync] Input params: fdHandle=0xfffd2001a1f0, data=0xfffd20155040, size=4, recvSize=0
debug/plog/plog-12900_20260811222329940.log-128255-[DEBUG] HCCL(12900,python3):2026-08-11-22:25:16.585.373 [channel_process.cc:234] [13073][GetChannelsInfo] SUCCESS.
debug/plog/plog-12900_20260811222329940.log-128256-[INFO] HCCL(12900,python3):2026-08-11-22:25:16.587.710 [orion_adapter_hccp.cc:2112][13073][HrtRaSocketRecvAsync] Input params: fdHandle=0xfffd2001a1f0, data=0xfffd20155040, size=4, recvSize=0
--
debug/plog/plog-12900_20260811222521957.log-14092-[INFO] HCCL(12900,python3):2026-08-11-22:25:46.573.355 [orion_adapter_hccp.cc:2112][13073][HrtRaSocketRecvAsync] Input params: fdHandle=0xfffd2001a1f0, data=0xfffd20155040, size=4, recvSize=0
debug/plog/plog-12900_20260811222521957.log-14093-[DEBUG] HCCL(12900,python3):2026-08-11-22:25:46.574.644 [channel_process.cc:234] [13073][GetChannelsInfo] SUCCESS.
debug/plog/plog-12900_20260811222521957.log-14094-[INFO] HCCL(12900,python3):2026-08-11-22:25:46.577.036 [orion_adapter_hccp.cc:2112][13073][HrtRaSocketRecvAsync] Input params: fdHandle=0xfffd2001a1f0, data=0xfffd20155040, size=4, recvSize=0
debug/plog/plog-12900_20260811222521957.log-14095-[DEBUG] HCCL(12900,python3):2026-08-11-22:25:46.578.132 [channel_process.cc:234] [13073][GetChannelsInfo] SUCCESS.
debug/plog/plog-12900_20260811222521957.log-14096-[WARNING] HCCL(12900,python3):2026-08-11-22:25:46.579.217 [socket.cc:183][13073][Socket][HandleSocketEAgain] reqhandle[281462628765616] get request result [SOCK_EAGAIN], sleep 1ms and retry.
debug/plog/plog-12900_20260811222521957.log-14097-[INFO] HCCL(12900,python3):2026-08-11-22:25:46.580.286 [orion_adapter_hccp.cc:2112][13073][HrtRaSocketRecvAsync] Input params: fdHandle=0xfffd2001a1f0, data=0xfffd20155040, size=4, recvSize=0
debug/plog/plog-12900_20260811222521957.log:14098:[INFO] HCCL(12900,python3):2026-08-11-22:25:46.580.357 [socket.cc:337][13073][Socket][CheckRecvRequestResult] reqHandle[281462628765616] need to retry recv, start to recv left size[4], [Socket[role=SocketRole::CLIENT, localIp=IpAddress[0000:0000:003f:0300:0010:0000:df07:ac01, AF=IPv6, addr=::3f:300:10:0:df07:ac01, scopeId=0x0], listenPort=60001, remoteIp=IpAddress[0000:0000:003f:0500:0010:0000:df08:eb01, AF=IPv6, addr=::3f:500:10:0:df08:eb01, scopeId=0x0], tag=AUTOMATIC_SOCKET_TAG_::3f:500:10:0:df08:eb01_::3f:300:10:0:df07:ac01_60001, nicType=NicType::DEVICE_NIC_TYPE]].
debug/plog/plog-12900_20260811222521957.log-14099-[DEBUG] HCCL(12900,python3):2026-08-11-22:25:46.581.547 [channel_process.cc:234] [13073][GetChannelsInfo] SUCCESS.
debug/plog/plog-12900_20260811222521957.log-14100-[INFO] HCCL(12900,python3):2026-08-11-22:25:46.583.658 [orion_adapter_hccp.cc:2112][13073][HrtRaSocketRecvAsync] Input params: fdHandle=0xfffd2001a1f0, data=0xfffd20155040, size=4, recvSize=0
debug/plog/plog-12900_20260811222521957.log-14101-[DEBUG] HCCL(12900,python3):2026-08-11-22:25:46.584.769 [channel_process.cc:234] [13073][GetChannelsInfo] SUCCESS.
debug/plog/plog-12900_20260811222521957.log-14102-[INFO] HCCL(12900,python3):2026-08-11-22:25:46.587.087 [orion_adapter_hccp.cc:2112][13073][HrtRaSocketRecvAsync] Input params: fdHandle=0xfffd2001a1f0, data=0xfffd20155040, size=4, recvSize=0
debug/plog/plog-12900_20260811222521957.log-14103-[DEBUG] HCCL(12900,python3):2026-08-11-22:25:46.588.211 [channel_process.cc:234] [13073][GetChannelsInfo] SUCCESS.
debug/plog/plog-12900_20260811222521957.log-14104-[INFO] HCCL(12900,python3):2026-08-11-22:25:46.590.529 [orion_adapter_hccp.cc:2112][13073][HrtRaSocketRecvAsync] Input params: fdHandle=0xfffd2001a1f0, data=0xfffd20155040, size=4, recvSize=0
--
run/device-5/device-12900_20260811222346713.log-40-[INFO] TDT(23043,aicpu_scheduler):2026-08-11-22:23:44.081.136 [tsd_event_client.cpp:257][TsdStartupResponse][tid:23043] [TsdEventClient] TsdStartupResponseProc to dev[0] pid[4003] hostpid[3995824] vfId[0] is running.
run/device-5/device-12900_20260811222346713.log-41-[INFO] TDT(23043,aicpu_scheduler):2026-08-11-22:23:44.084.118 [tsd_event_client.cpp:276][TsdStartupResponse][tid:23043] [TsdEventClient] Submit event TSD_EVENT_START_RSP to tsd successfully.
run/device-5/device-12900_20260811222346713.log-42-[INFO] CCECPU(23043,aicpu_scheduler):2026-08-11-22:23:44.084.160 [main.cpp:380][main][tid:23043] Aicpu startup response return successfully.
run/device-5/device-12900_20260811222346713.log-43-[INFO] TDT(23043,aicpu_scheduler):2026-08-11-22:23:44.084.187 [tsd_event_client.cpp:221][DoLoopProcessEvent][tid:23043] [TsdEventClient] Start waiting event, deviceId=0.
run/device-5/device-12900_20260811222346713.log-44-[INFO] HCCP(23097,hccp_service.bin):2026-08-11-22:23:46.713.789 [ra_adp.c:2131]tid:23097,HccpSetAffinity : chipId:0 phyDevid:0 ccpuNum:1, dcpuNum:2, acpuNum:6, cpuId:0
run/device-5/device-12900_20260811222346713.log-45-[INFO] HCCP(23097,hccp_service.bin):2026-08-11-22:23:46.714.434 [ra_adp.c:1866]tid:23102,RaPthread : pthread[ra_thread] is alive!
run/device-5/device-12900_20260811222346713.log:46:[INFO] HCCP(23097,hccp_service.bin):2026-08-11-22:23:46.718.090 [rs_tls.c:1951]tid:23097,rs_ssl_init: TLS SWITCH (0)
run/device-5/device-12900_20260811222346713.log-47-[INFO] HCCP(23097,hccp_service.bin):2026-08-11-22:23:46.718.602 [rs_epoll.c:673]tid:23108,RsConnectHandle : pthread[connect_pthread] is alive!
run/device-5/device-12900_20260811222346713.log-48-[INFO] HCCP(23097,hccp_service.bin):2026-08-11-22:23:46.718.955 [rs.c:440]tid:23097,RsInit : rs init success, chipId[0]
run/device-5/device-12900_20260811222346713.log-49-[INFO] HCCP(23097,hccp_service.bin):2026-08-11-22:23:46.719.767 [main.c:155]tid:23097,main : hccp init ok cost [6.093000] ms logic_id[0], tgid[3995824]
run/device-5/device-12900_20260811222346713.log-50-[INFO] TDT(23097,hccp_service.bin):2026-08-11-22:23:46.719.814 [tsd_event_client.cpp:257][TsdStartupResponse][tid:23097] [TsdEventClient] TsdStartupResponseProc to dev[0] pid[4003] hostpid[3995824] vfId[0] is running.
run/device-5/device-12900_20260811222346713.log-51-[INFO] TDT(23097,hccp_service.bin):2026-08-11-22:23:46.720.029 [tsd_event_client.cpp:276][TsdStartupResponse][tid:23097] [TsdEventClient] Submit event TSD_EVENT_START_RSP to tsd successfully.
run/device-5/device-12900_20260811222346713.log-52-[INFO] TDT(23097,hccp_service.bin):2026-08-11-22:23:46.720.047 [tsd_event_client.cpp:221][DoLoopProcessEvent][tid:23097] [TsdEventClient] Start waiting event, deviceId=0.
--
run/plog/plog-12786_20260811222319289.log-133-[INFO] RUNTIME(12786,python3):2026-08-11-22:23:40.939.355 [engine.cc:82] 12786 Engine: Constructor.
run/plog/plog-12786_20260811222319289.log-134-[INFO] RUNTIME(12786,python3):2026-08-11-22:23:40.939.358 [stars_engine.cc:53] 12786 StarsEngine: Constructor.
run/plog/plog-12786_20260811222319289.log-135-[INFO] RUNTIME(12786,python3):2026-08-11-22:23:41.095.948 [runtime.cc:4925] 12786 CreateReportRasThread: Start report ras thread success!
run/plog/plog-12786_20260811222319289.log-136-[INFO] RUNTIME(12786,python3):2026-08-11-22:23:41.096.266 [npu_driver_res.cc:269] 13025 GetDeviceStatus: GetDeviceStatus status=1.
run/plog/plog-12786_20260811222319289.log-137-[INFO] ATRACE(12786,python3):2026-08-11-22:23:41.121.416 [tracer_mgr_operate.c:66](tid:12786) create object RUNTIME_ATRACE_DEV5_TS0 successfully, exitSave(false), noLock(false).
run/plog/plog-12786_20260811222319289.log-138-[INFO] TDT(12786,python3):2026-08-11-22:23:41.121.439 [client_manager.cpp:210][SetProfilingCallback][tid:12786] [TsdClient] set profiling callback successfully
run/plog/plog-12786_20260811222319289.log:139:[INFO] HCCP(12786,python3):2026-08-11-22:23:41.385.544 [ra_host.c:1559]tid:12786,RaSocketSetWhiteListStatus : Input parameters: enable[1]
run/plog/plog-12786_20260811222319289.log-140-[INFO] HCCL(12786,python3):2026-08-11-22:23:41.385.628 [base_config.cc:24][12786][HCCL_ENV] HCCL_IF_IP set by default to [IpAddress[0000:0000:0000:0000:0000:0000:0000:0000, AF=IPv4, addr=0.0.0.0]]
run/plog/plog-12786_20260811222319289.log-141-[INFO] HCCL(12786,python3):2026-08-11-22:23:41.385.631 [base_config.cc:28][12786][HCCL_ENV] HCCL_IF_BASE_PORT set by default to [65536]
run/plog/plog-12786_20260811222319289.log-142-[INFO] HCCL(12786,python3):2026-08-11-22:23:41.385.635 [base_config.cc:32][12786][HCCL_ENV] HCCL_SOCKET_IFNAME set by default to []
run/plog/plog-12786_20260811222319289.log:143:[INFO] HCCL(12786,python3):2026-08-11-22:23:41.385.637 [base_config.cc:36][12786][HCCL_ENV] HCCL_WHITELIST_DISABLE set by default to [1]
run/plog/plog-12786_20260811222319289.log-144-[INFO] HCCL(12786,python3):2026-08-11-22:23:41.385.642 [base_config.cc:50][12786][HCCL_ENV] HCCL_HOST_SOCKET_PORT_RANGE set by default to 
run/plog/plog-12786_20260811222319289.log-145-[INFO] HCCL(12786,python3):2026-08-11-22:23:41.385.645 [base_config.cc:58][12786][HCCL_ENV] HCCL_NPU_SOCKET_PORT_RANGE set by default to 
run/plog/plog-12786_20260811222319289.log-146-[INFO] HCCL(12786,python3):2026-08-11-22:23:41.385.648 [base_config.cc:102][12786][HCCL_ENV] HCCL_SOCKET_FAMILY set by default to [-1]
run/plog/plog-12786_20260811222319289.log-147-[INFO] HCCL(12786,python3):2026-08-11-22:23:41.385.650 [base_config.cc:106][12786][HCCL_ENV] HCCL_CONNECT_TIMEOUT set by default to [120]s
run/plog/plog-12786_20260811222319289.log-148-[INFO] HCCL(12786,python3):2026-08-11-22:23:41.385.653 [base_config.cc:126][12786][HCCL_ENV] HCCL_EXEC_TIMEOUT set by default to [1836]s
run/plog/plog-12786_20260811222319289.log-149-[INFO] HCCL(12786,python3):2026-08-11-22:23:41.385.656 [base_config.cc:145][12786][HCCL_ENV] HCCL_RDMA_TC set by default to [132]
--
run/plog/plog-12786_20260811222319289.log-161-[INFO] HCCL(12786,python3):2026-08-11-22:23:41.385.690 [base_config.cc:271][12786][HCCL_ENV] HCCL_ENTRY_LOG_ENABLE set by default to [0]
run/plog/plog-12786_20260811222319289.log-162-[INFO] HCCL(12786,python3):2026-08-11-22:23:41.385.725 [base_config.cc:275][12786][HCCL_ENV] LD_LIBRARY_PATH set by environment to []
run/plog/plog-12786_20260811222319289.log-163-[INFO] HCCL(12786,python3):2026-08-11-22:23:41.385.728 [base_config.cc:281][12786][HCCL_ENV] HCCL_DFS_CONFIG task_exception set by default to [1], cluster_heartbeat set by default to [1], rankConsistentState set by default to [0]
run/plog/plog-12786_20260811222319289.log-164-[INFO] HCCL(12786,python3):2026-08-11-22:23:41.385.735 [base_config.cc:305][12786][HCCL_ENV] HCCL_DETOUR set by default to [HcclDetourType::HCCL_DETOUR_DISABLE]
run/plog/plog-12786_20260811222319289.log-165-[INFO] HCCP(12786,python3):2026-08-11-22:23:41.385.738 [ra_init.c:166]tid:12786,RaInit : Input parameters: phyId[5], nicPosition:[0] hdcType:[18] enableHdcAsync[1]
run/plog/plog-12786_20260811222319289.log-166-[INFO] HCCP(12786,python3):2026-08-11-22:23:41.385.976 [rs.c:2237]tid:12786,RsGetProductType : [Get][ChipInfo]chip name is 950DT_9582, type:4
run/plog/plog-12786_20260811222319289.log:167:[INFO] HCCP(12786,python3):2026-08-11-22:23:41.386.111 [rs_tls.c:1885]tid:12786,rs_ssl_init: TLS SWITCH (0)
run/plog/plog-12786_20260811222319289.log-168-[INFO] HCCP(12786,python3):2026-08-11-22:23:41.386.492 [rs_epoll.c:543]tid:13045,RsEpollHandle : pthread[epoll_pthread] is alive!
run/plog/plog-12786_20260811222319289.log-169-[INFO] HCCP(12786,python3):2026-08-11-22:23:41.386.515 [rs_epoll.c:673]tid:13046,RsConnectHandle : pthread[connect_pthread] is alive!
run/plog/plog-12786_20260811222319289.log-170-[INFO] HCCP(12786,python3):2026-08-11-22:23:41.390.567 [rs.c:440]tid:12786,RsInit : rs init success, chipId[5]
run/plog/plog-12786_20260811222319289.log-171-[INFO] HCCP(12786,python3):2026-08-11-22:23:41.390.603 [ra_ctx.c:88]tid:12786,RaGetDevEidInfoNum : Input parameters: phy_id[5], nic_position:[0]
run/plog/plog-12786_20260811222319289.log-172-[INFO] HCCP(12786,python3):2026-08-11-22:23:41.496.603 [ra_ctx.c:115]tid:12786,RaGetDevEidInfoList : Input parameters: phy_id[5], nic_position:[0]
run/plog/plog-12786_20260811222319289.log-173-[INFO] HCCP(12786,python3):2026-08-11-22:23:41.496.637 [dl_urma_function.c:391]tid:12786,RsOpenUrmaSo : urma_api dlopen again, gUrmaApiRefcnt:3
--
run/plog/plog-12786_20260811222319289.log-175-[INFO] HCCP(12786,python3):2026-08-11-22:23:41.962.496 [rs_ub.c:444]tid:12786,RsUbCtxInit : [init][rs_ctx]phy_id:5, eidIndex:0, devIndex:0x10000 init success
run/plog/plog-12786_20260811222319289.log-176-[INFO] HCCP(12786,python3):2026-08-11-22:23:41.984.948 [ra_common.c:142]tid:12786,RaGetSecRandom : Input parameters: phy_id[5], nic_position:[1]
run/plog/plog-12786_20260811222319289.log-177-[INFO] HCCP(12786,python3):2026-08-11-22:23:41.984.987 [rs_ub.c:1250]tid:12786,RsUbCtxLmemReg : [init][rs_ctx_lmem]devIndex:0x10000 addr:0x2f483000, len[0x308], access[0xe]
run/plog/plog-12786_20260811222319289.log-178-[INFO] HCCP(12786,python3):2026-08-11-22:23:41.988.917 [rs_ub.c:1250]tid:12786,RsUbCtxLmemReg : [init][rs_ctx_lmem]devIndex:0x10000 addr:0x3400c0000000, len[0x800000], access[0xe]
run/plog/plog-12786_20260811222319289.log-179-[INFO] RUNTIME(12786,python3):2026-08-11-22:23:42.200.051 [runtime.cc:5129] 13026 ReportPageFaultProc: pageFaultSupportFlag_=0.
run/plog/plog-12786_20260811222319289.log-180-[INFO] HCCP(12786,python3):2026-08-11-22:23:46.465.425 [ra_host.c:240]tid:13041,RaSocketInit : socket init:mode=0 phyId=5 family=10 ip=::3f:500:10:0:df08:eb01
run/plog/plog-12786_20260811222319289.log:181:[INFO] HCCP(12786,python3):2026-08-11-22:23:46.465.463 [ra_host.c:835]tid:13041,RaSocketListenStart : Input parameters: [0]th, phyId[5], localIp[::3f:500:10:0:df08:eb01], port[60001]
run/plog/plog-12786_20260811222319289.log-182-[INFO] HCCP(12786,python3):2026-08-11-22:23:46.469.778 [rs_socket.c:578]tid:13041,RsSocketListenBindListen : socket bind: family 10, addr ::3f:500:10:0:df08:eb01, port 60001
run/plog/plog-12786_20260811222319289.log-183-[INFO] HCCP(12786,python3):2026-08-11-22:23:46.484.716 [rs_ub.c:1250]tid:13041,RsUbCtxLmemReg : [init][rs_ctx_lmem]devIndex:0x10000 addr:0x2f483000, len[0x308], access[0xe]
run/plog/plog-12786_20260811222319289.log-184-[INFO] HCCP(12786,python3):2026-08-11-22:23:46.505.569 [rs_ub.c:1250]tid:13041,RsUbCtxLmemReg : [init][rs_ctx_lmem]devIndex:0x10000 addr:0x3400c0000000, len[0x800000], access[0xe]
run/plog/plog-12786_20260811222319289.log-185-[INFO] HCCP(12786,python3):2026-08-11-22:23:46.706.517 [rs_ub.c:1346]tid:13041,RsUbCtxRmemImport : [init][rs_ctx_rmem]devIndex:0x10000 import addr:0xfffd0000dd80
run/plog/plog-12786_20260811222319289.log-186-[INFO] HCCP(12786,python3):2026-08-11-22:23:46.706.559 [rs_ub.c:1365]tid:13041,RsUbCtxRmemUnimport : [deinit][rs_ctx_rmem]devIndex:0x10000 unimport addr:0xfffd0000dd80
run/plog/plog-12786_20260811222319289.log-187-[INFO] HCCP(12786,python3):2026-08-11-22:25:46.958.937 [rs_ub.c:1302]tid:13041,RsUbCtxLmemUnreg : [deinit][rs_ctx_lmem]devIndex:0x10000 addr:0xfffd0000bae0 unregister segment success
--
run/plog/plog-12786_20260811222319289.log-233-[INFO] ASCENDCL(12786,python3):2026-08-11-22:25:51.254.709 [resource_statistics.cpp:113]12786 TraverseStatistics: The ResourceType:ACL_STATISTICS_CREATE_DESTROY_ALLOCATOR_DESC, applyTotal = 0, applySucc = 0, releaseTotal = 0, releaseSucc = 0
run/plog/plog-12786_20260811222319289.log-234-[INFO] ASCENDCL(12786,python3):2026-08-11-22:25:51.254.710 [resource_statistics.cpp:113]12786 TraverseStatistics: The ResourceType:ACL_STATISTICS_CREATE_DESTROY_ALLOCATOR_BINARY_DESC, applyTotal = 0, applySucc = 0, releaseTotal = 0, releaseSucc = 0
run/plog/plog-12786_20260811222319289.log-235-[INFO] ASCENDCL(12786,python3):2026-08-11-22:25:51.254.712 [resource_statistics.cpp:113]12786 TraverseStatistics: The ResourceType:ACL_STATISTICS_RESERVE_RELEASE_MEMORY_ADDRESS, applyTotal = 0, applySucc = 0, releaseTotal = 0, releaseSucc = 0
run/plog/plog-12786_20260811222319289.log-236-[INFO] ASCENDCL(12786,python3):2026-08-11-22:25:51.254.713 [resource_statistics.cpp:113]12786 TraverseStatistics: The ResourceType:ACL_STATISTICS_MALLOC_FREE_PHYSICAL_MEMORY, applyTotal = 0, applySucc = 0, releaseTotal = 0, releaseSucc = 0
run/plog/plog-12786_20260811222319289.log-237-[INFO] ASCENDCL(12786,python3):2026-08-11-22:25:51.254.715 [resource_statistics.cpp:113]12786 TraverseStatistics: The ResourceType:ACL_STATISTICS_MAP_UNMAP_MEMORY, applyTotal = 0, applySucc = 0, releaseTotal = 0, releaseSucc = 0
run/plog/plog-12786_20260811222319289.log-238-[INFO] ASCENDCL(12786,python3):2026-08-11-22:25:51.254.716 [resource_statistics.cpp:113]12786 TraverseStatistics: The ResourceType:ACL_STATISTICS_LOAD_UNLOAD_BINARY, applyTotal = 0, applySucc = 0, releaseTotal = 0, releaseSucc = 0
run/plog/plog-12786_20260811222319289.log:239:[INFO] HCCP(12786,python3):2026-08-11-22:25:52.380.100 [ra_host.c:871]tid:12786,RaSocketListenStop : Input parameters: [0]th, phyId[5], localIp[::3f:500:10:0:df08:eb01]
run/plog/plog-12786_20260811222319289.log-240-[INFO] HCCP(12786,python3):2026-08-11-22:25:52.380.113 [rs_drv_socket.c:651]tid:12786,RsSocketListenDelFromEpoll : IP:::3f:500:10:0:df08:eb01 server_port:60001 listen_fd:118 del from epoll:113
run/plog/plog-12786_20260811222319289.log-241-[INFO] HCCP(12786,python3):2026-08-11-22:25:52.380.480 [ra_host.c:364]tid:12786,RaSocketDeinit : Input parameters: phyId[5] family[10] local_ip[::3f:500:10:0:df08:eb01]
run/plog/plog-12786_20260811222319289.log:242:[INFO] HCCP(12786,python3):2026-08-11-22:25:52.380.533 [rs.c:1684]tid:12786,RsSocketDeinit : socket deinit success, phyId:5, localIp:::3f:500:10:0:df08:eb01
run/plog/plog-12786_20260811222319289.log-243-[INFO] HCCP(12786,python3):2026-08-11-22:25:52.384.211 [ra_ctx.c:239]tid:12786,RaCtxDeinit : Input parameters: phy_id[5], devIndex[65536], protocol[1]
run/plog/plog-12786_20260811222319289.log-244-[INFO] HCCP(12786,python3):2026-08-11-22:25:52.386.601 [rs_ub.c:1158]tid:12786,RsUbCtxDeinit : [deinit][rs_ctx]deinit success, phyId:5, devIndex:0x10000
run/plog/plog-12786_20260811222319289.log-245-[INFO] HCCP(12786,python3):2026-08-11-22:25:52.386.682 [ra_init.c:221]tid:12786,RaDeinit : Input parameters: phyId[5], nicPosition:[0]
run/plog/plog-12786_20260811222319289.log-246-[INFO] HCCP(12786,python3):2026-08-11-22:25:52.609.078 [rs.c:1881]tid:12786,RsDeinit : rs_deinit chipId[5] ok
run/plog/plog-12786_20260811222319289.log:247:[INFO] HCCP(12786,python3):2026-08-11-22:25:52.609.094 [ra_host.c:1559]tid:12786,RaSocketSetWhiteListStatus : Input parameters: enable[0]
run/plog/plog-12786_20260811222319289.log-248-[INFO] RUNTIME(12786,python3):2026-08-11-22:25:52.866.404 [runtime.cc:4966] 13026 ReportRasRun: Report ras thread exits normally!
run/plog/plog-12786_20260811222319289.log-249-[INFO] RUNTIME(12786,python3):2026-08-11-22:25:53.955.571 [runtime_adapt.cc:58] 12786 ~Runtime: runtime destructor.
run/plog/plog-12786_20260811222319289.log-250-[INFO] RUNTIME(12786,python3):2026-08-11-22:25:53.955.599 [runtime.cc:4935] 12786 DestroyReportRasThread: Join report ras thread OK.
run/plog/plog-12786_20260811222319289.log-251-[INFO] RUNTIME(12786,python3):2026-08-11-22:25:53.955.603 [runtime.cc:1340] 12786 WaitMonitorExit: wait monitor success, used count=0.
run/plog/plog-12786_20260811222319289.log-252-[INFO] ATRACE(12786,python3):2026-08-11-22:25:53.964.361 [tracer_mgr_operate.c:248](tid:12786) destroy object RUNTIME_ATRACE_DEV5_TS0, exitSave(false).
run/plog/plog-12786_20260811222319289.log-253-[INFO] RUNTIME(12786,python3):2026-08-11-22:25:53.974.447 [stars_engine.cc:60] 12786 ~StarsEngine: Destructor.
--
run/plog/plog-12900_20260811222330142.log-121-[INFO] TDT(12900,python3):2026-08-11-22:23:46.264.543 [process_mode_manager.cpp:1532][ConstructCommonOpenMsg][tid:12900] runtimePkgPath:/usr/local/Ascend/cann-9.1.0
run/plog/plog-12900_20260811222330142.log-122-[INFO] TDT(12900,python3):2026-08-11-22:23:46.264.549 [version_verify.cpp:117][SpecialFeatureCheck][tid:12900] VersionVerify: previous type[48], supported
run/plog/plog-12900_20260811222330142.log-123-[INFO] TDT(12900,python3):2026-08-11-22:23:46.321.168 [process_mode_manager.cpp:1605][ProcessOpenSubProc][tid:12900] OpenSubProc success type:0, pid:23097
run/plog/plog-12900_20260811222330142.log-124-[INFO] HCCL(12900,python3):2026-08-11-22:23:46.321.268 [base_config.cc:24][12900][HCCL_ENV] HCCL_IF_IP set by default to [IpAddress[0000:0000:0000:0000:0000:0000:0000:0000, AF=IPv4, addr=0.0.0.0]]
run/plog/plog-12900_20260811222330142.log-125-[INFO] HCCL(12900,python3):2026-08-11-22:23:46.321.271 [base_config.cc:28][12900][HCCL_ENV] HCCL_IF_BASE_PORT set by default to [65536]
run/plog/plog-12900_20260811222330142.log-126-[INFO] HCCL(12900,python3):2026-08-11-22:23:46.321.275 [base_config.cc:32][12900][HCCL_ENV] HCCL_SOCKET_IFNAME set by default to []
run/plog/plog-12900_20260811222330142.log:127:[INFO] HCCL(12900,python3):2026-08-11-22:23:46.321.278 [base_config.cc:36][12900][HCCL_ENV] HCCL_WHITELIST_DISABLE set by default to [1]
run/plog/plog-12900_20260811222330142.log-128-[INFO] HCCL(12900,python3):2026-08-11-22:23:46.321.284 [base_config.cc:50][12900][HCCL_ENV] HCCL_HOST_SOCKET_PORT_RANGE set by default to 
run/plog/plog-12900_20260811222330142.log-129-[INFO] HCCL(12900,python3):2026-08-11-22:23:46.321.287 [base_config.cc:58][12900][HCCL_ENV] HCCL_NPU_SOCKET_PORT_RANGE set by default to 
run/plog/plog-12900_20260811222330142.log-130-[INFO] HCCL(12900,python3):2026-08-11-22:23:46.321.290 [base_config.cc:102][12900][HCCL_ENV] HCCL_SOCKET_FAMILY set by default to [-1]
run/plog/plog-12900_20260811222330142.log-131-[INFO] HCCL(12900,python3):2026-08-11-22:23:46.321.293 [base_config.cc:106][12900][HCCL_ENV] HCCL_CONNECT_TIMEOUT set by default to [120]s
run/plog/plog-12900_20260811222330142.log-132-[INFO] HCCL(12900,python3):2026-08-11-22:23:46.321.296 [base_config.cc:126][12900][HCCL_ENV] HCCL_EXEC_TIMEOUT set by default to [1836]s
run/plog/plog-12900_20260811222330142.log-133-[INFO] HCCL(12900,python3):2026-08-11-22:23:46.321.298 [base_config.cc:145][12900][HCCL_ENV] HCCL_RDMA_TC set by default to [132]
--
run/plog/plog-12900_20260811222330142.log-152-[INFO] HCCP(12900,python3):2026-08-11-22:23:46.386.088 [ra_ctx.c:88]tid:12900,RaGetDevEidInfoNum : Input parameters: phy_id[5], nic_position:[1]
run/plog/plog-12900_20260811222330142.log-153-[INFO] HCCP(12900,python3):2026-08-11-22:23:46.389.711 [ra_ctx.c:115]tid:12900,RaGetDevEidInfoList : Input parameters: phy_id[5], nic_position:[1]
run/plog/plog-12900_20260811222330142.log-154-[INFO] HCCP(12900,python3):2026-08-11-22:23:46.407.250 [ra_ctx.c:173]tid:12900,RaCtxInit : Input parameters: phy_id[5], nic_position:[1]
run/plog/plog-12900_20260811222330142.log-155-[INFO] HCCP(12900,python3):2026-08-11-22:23:46.447.177 [ra_common.c:142]tid:12900,RaGetSecRandom : Input parameters: phy_id[5], nic_position:[1]
run/plog/plog-12900_20260811222330142.log-156-[INFO] HCCL(12900,python3):2026-08-11-22:23:46.555.616 [stream.cc:200] [13073][HCCL_TRACE]StreamDestroy, streamPtr[0xfffd20029598], stream id[22]
run/plog/plog-12900_20260811222330142.log-157-[INFO] HCCP(12900,python3):2026-08-11-22:23:46.555.838 [ra_host.c:240]tid:13073,RaSocketInit : socket init:mode=1 phyId=5 family=10 ip=::3f:300:10:0:df07:ac01
run/plog/plog-12900_20260811222330142.log:158:[INFO] HCCP(12900,python3):2026-08-11-22:23:46.556.507 [ra_socket.c:58]tid:13073,RaSocketBatchConnectAsync : Input parameters: [0]th, phyId[5], localIp[::3f:300:10:0:df07:ac01], remoteIp[::3f:500:10:0:df08:eb01], port[60001], tag[AUTOMATIC_SOCKET_TAG_::3f:500:10:0:df08:eb01_::3f:300:10:0:df07:ac01_60001], cnt[0]
run/plog/plog-12900_20260811222330142.log-159-[INFO] RUNTIME(12900,python3):2026-08-11-22:23:47.031.990 [runtime.cc:5129] 13065 ReportPageFaultProc: pageFaultSupportFlag_=0.
run/plog/plog-12900_20260811222330142.log-160-[INFO] DRV(12900,python3):2026-08-11-22:24:43.028.844 [hdc_ub_common.c:436][ascend][curpid:12900,13073][drv][hdc][hdc_get_send_time_cost]hdc send exceed 10 us.(dev_id=5; l_id=173; type='service_rdma_v2'; jfs_id=27431; jfc_s=47084; find_block:0; memcpy=0; post_jfs_wr=1; wait_jfc=15; poll_jfc:0; ack_rearm_jfc=0; send=16; exceed_times=15414
run/plog/plog-12900_20260811222330142.log-161-[INFO] DRV(12900,python3):2026-08-11-22:25:43.031.653 [hdc_ub_common.c:436][ascend][curpid:12900,13073][drv][hdc][hdc_get_send_time_cost]hdc send exceed 10 us.(dev_id=5; l_id=173; type='service_rdma_v2'; jfs_id=27431; jfc_s=47084; find_block:0; memcpy=0; post_jfs_wr=1; wait_jfc=45; poll_jfc:0; ack_rearm_jfc=0; send=47; exceed_times=31726
run/plog/plog-12900_20260811222330142.log-162-[WARNING] HCCL(12900,python3):2026-08-11-22:25:52.388.035 [channel_process.cc:231] [13073][GetChannelsInfo] FAILED, channel idx[0], status[-1451132156]
run/plog/plog-12900_20260811222330142.log-163-[INFO] HCCL(12900,python3):2026-08-11-22:25:52.389.612 [channel_process.cc:736] [13073][ChannelKernelDestroy] listNum[1]
run/plog/plog-12900_20260811222330142.log-164-[INFO] HCCL(12900,python3):2026-08-11-22:25:52.416.872 [stream.cc:200] [13073][HCCL_TRACE]StreamDestroy, streamPtr[0xfffd20114a58], stream id[22]
--
run/plog/plog-12900_20260811222330142.log-208-[INFO] ASCENDCL(12900,python3):2026-08-11-22:25:55.268.011 [resource_statistics.cpp:113]12900 TraverseStatistics: The ResourceType:ACL_STATISTICS_CREATE_DESTROY_ALLOCATOR_DESC, applyTotal = 0, applySucc = 0, releaseTotal = 0, releaseSucc = 0
run/plog/plog-12900_20260811222330142.log-209-[INFO] ASCENDCL(12900,python3):2026-08-11-22:25:55.268.013 [resource_statistics.cpp:113]12900 TraverseStatistics: The ResourceType:ACL_STATISTICS_CREATE_DESTROY_ALLOCATOR_BINARY_DESC, applyTotal = 0, applySucc = 0, releaseTotal = 0, releaseSucc = 0
run/plog/plog-12900_20260811222330142.log-210-[INFO] ASCENDCL(12900,python3):2026-08-11-22:25:55.268.015 [resource_statistics.cpp:113]12900 TraverseStatistics: The ResourceType:ACL_STATISTICS_RESERVE_RELEASE_MEMORY_ADDRESS, applyTotal = 0, applySucc = 0, releaseTotal = 0, releaseSucc = 0
run/plog/plog-12900_20260811222330142.log-211-[INFO] ASCENDCL(12900,python3):2026-08-11-22:25:55.268.016 [resource_statistics.cpp:113]12900 TraverseStatistics: The ResourceType:ACL_STATISTICS_MALLOC_FREE_PHYSICAL_MEMORY, applyTotal = 0, applySucc = 0, releaseTotal = 0, releaseSucc = 0
run/plog/plog-12900_20260811222330142.log-212-[INFO] ASCENDCL(12900,python3):2026-08-11-22:25:55.268.018 [resource_statistics.cpp:113]12900 TraverseStatistics: The ResourceType:ACL_STATISTICS_MAP_UNMAP_MEMORY, applyTotal = 0, applySucc = 0, releaseTotal = 0, releaseSucc = 0
run/plog/plog-12900_20260811222330142.log-213-[INFO] ASCENDCL(12900,python3):2026-08-11-22:25:55.268.019 [resource_statistics.cpp:113]12900 TraverseStatistics: The ResourceType:ACL_STATISTICS_LOAD_UNLOAD_BINARY, applyTotal = 0, applySucc = 0, releaseTotal = 0, releaseSucc = 0
run/plog/plog-12900_20260811222330142.log:214:[INFO] HCCP(12900,python3):2026-08-11-22:25:56.548.912 [ra_host.c:756]tid:12900,RaSocketBatchClose : Input parameters: [0]th, phyId[5], localIp[::3f:300:10:0:df07:ac01], cnt[0]
run/plog/plog-12900_20260811222330142.log-215-[INFO] HCCP(12900,python3):2026-08-11-22:25:56.550.475 [ra_host.c:364]tid:12900,RaSocketDeinit : Input parameters: phyId[5] family[10] local_ip[::3f:300:10:0:df07:ac01]
run/plog/plog-12900_20260811222330142.log-216-[INFO] HCCP(12900,python3):2026-08-11-22:25:56.555.016 [ra_ctx.c:239]tid:12900,RaCtxDeinit : Input parameters: phy_id[5], devIndex[65539], protocol[1]
run/plog/plog-12900_20260811222330142.log-217-[INFO] HCCP(12900,python3):2026-08-11-22:25:56.559.004 [ra_init.c:221]tid:12900,RaDeinit : Input parameters: phyId[5], nicPosition:[1]
run/plog/plog-12900_20260811222330142.log-218-[INFO] HCCP(12900,python3):2026-08-11-22:25:56.559.008 [ra_hdc_async.c:680]tid:12900,RaHdcDeinitAsync : hdc deinit async start! phyId[5] restore_flag[0]
run/plog/plog-12900_20260811222330142.log-219-[INFO] HCCP(12900,python3):2026-08-11-22:25:56.607.840 [ra_hdc.c:907]tid:12900,RaHdcDeinit : hdc deinit start! phyId[5] restore_flag[0]
run/plog/plog-12900_20260811222330142.log-220-[INFO] HCCP(12900,python3):2026-08-11-22:25:56.612.449 [ra_hdc.c:927]tid:12900,RaHdcDeinit : hdc deinit OK! phyId[5]
run/plog/plog-12900_20260811222330142.log:221:[INFO] HCCP(12900,python3):2026-08-11-22:25:56.612.452 [ra_host.c:1559]tid:12900,RaSocketSetWhiteListStatus : Input parameters: enable[0]
run/plog/plog-12900_20260811222330142.log-222-[INFO] RUNTIME(12900,python3):2026-08-11-22:25:56.678.606 [runtime.cc:4966] 13065 ReportRasRun: Report ras thread exits normally!
run/plog/plog-12900_20260811222330142.log-223-[INFO] RUNTIME(12900,python3):2026-08-11-22:25:57.614.340 [runtime_adapt.cc:58] 12900 ~Runtime: runtime destructor.
run/plog/plog-12900_20260811222330142.log-224-[INFO] RUNTIME(12900,python3):2026-08-11-22:25:57.614.393 [runtime.cc:4935] 12900 DestroyReportRasThread: Join report ras thread OK.
run/plog/plog-12900_20260811222330142.log-225-[INFO] RUNTIME(12900,python3):2026-08-11-22:25:57.614.397 [runtime.cc:1340] 12900 WaitMonitorExit: wait monitor success, used count=0.
run/plog/plog-12900_20260811222330142.log-226-[INFO] ATRACE(12900,python3):2026-08-11-22:25:57.621.338 [tracer_mgr_operate.c:248](tid:12900) destroy object RUNTIME_ATRACE_DEV5_TS0, exitSave(false).
run/plog/plog-12900_20260811222330142.log-227-[INFO] RUNTIME(12900,python3):2026-08-11-22:25:57.631.206 [stars_engine.cc:60] 12900 ~StarsEngine: Destructor.
debug/plog/plog-12900_20260811222521957.log:[ERROR] HCCL(12900,python3):2026-08-11-22:25:52.384.721 [orion_adapter_hccp.cc:1964][13073][HrtRaGetAsyncReqResult] failed, the asynchronous request error[128207], reqhandle[281462628765616].
debug/plog/plog-12900_20260811222521957.log:[ERROR] HCCL(12900,python3):2026-08-11-22:25:52.387.990 [ub_mem_transport.cc:460][13073]Exception occurred: Network api exception: [HrtRaGetAsyncReqResult] failed, the asynchronous request error[128207], reqhandle[281462628765616].
debug/plog/plog-12900_20260811222521957.log:[ERROR] HCCL(12900,python3):2026-08-11-22:25:52.388.028 [ub_mem_transport.cc:540][13073][UbMemTransport::GetStatus] StatusMachine failed, ret=19
debug/plog/plog-12900_20260811222521957.log:[ERROR] HCCL(12900,python3):2026-08-11-22:25:52.388.031 [channel.cc:121] [13073][Channel][TransportStatusToChannelStatus] Invalid TransportStatus[3]
